{
    "Project Name": "Doha Metro Phase 2",
    "Project Code": "QATAR-METRO-2025",
    "Location": "Doha, Qatar",
    "Client": "Qatar Rail",
    "Engineering Lead": "Ahmed Al-Mansoori",
    "Budget Holder": "Central Procurement Division",
    "Expected Completion": "2025-12-31",
    "Scope Area": [
        "Underground stations",
        "HVAC systems",
        "Piping systems",
        "Structural steel",
        "Cable trays",
        "Control rooms",
        "Lighting and electrical infrastructure"
    ],
    "Working Language": "English/Arabic",
    "Incoterms": "CIF \u2013 Doha Port",
    "Payment Terms": "Net 45",
    "Certifications Needed": [
        "ISO 9001",
        "ISO 14001",
        "QCS 2014",
        "GCC Standards"
    ],
    "NDA Status": "Signed"
}