shipment_id,po_number,shipped_date,arrival_date,carrier,tracking_no,status
HPO1_1-S1,HPO1_1,2024-07-28,2024-08-01,"Wagner, Harrell and Henson",TRK-02586,Delivered
HPO1_1-S2,HPO1_1,2024-07-31,2024-08-11,"Johnson, Dean and Mcclain",TRK-82134,Delivered
HPO1_2-S1,HPO1_2,2025-02-26,2025-03-13,"Stewart, Williams and Smith",TRK-31096,Delivered
HPO1_3-S1,HPO1_3,2024-08-23,2024-08-31,Daniel Group,TRK-23847,Delivered
HPO1_4-S1,HPO1_4,2024-11-01,2024-11-11,Robbins Ltd,TRK-43097,Delivered
HPO1_5-S1,HPO1_5,2024-08-12,2024-08-25,Morgan LLC,TRK-15161,Delayed
HPO1_5-S2,HPO1_5,2024-08-06,2024-08-17,Sanchez-Lowe,TRK-09030,Delivered
HPO1_6-S1,HPO1_6,2024-09-14,2024-09-22,Oneal LLC,TRK-76079,Delayed
HPO1_7-S1,HPO1_7,2025-03-22,2025-04-12,Eaton LLC,TRK-62753,Delivered
HPO1_8-S1,HPO1_8,2024-09-11,2024-09-12,Vega-Benson,TRK-95132,Delivered
HPO1_8-S2,HPO1_8,2024-08-14,2024-09-09,"Lane, Kent and Wallace",TRK-65956,Delivered
HPO1_9-S1,HPO1_9,2024-09-10,2024-10-02,Walls LLC,TRK-87018,Delivered
HPO1_10-S1,HPO1_10,2025-03-27,2025-04-06,"Short, Todd and Taylor",TRK-43677,Delayed
HPO1_11-S1,HPO1_11,2025-01-07,2025-01-12,Bartlett-Martinez,TRK-84758,Delayed
HPO1_11-S2,HPO1_11,2025-01-06,2025-01-14,Simpson LLC,TRK-12207,Delayed
HPO1_12-S1,HPO1_12,2025-04-16,2025-04-26,"Cook, Hall and Park",TRK-90842,Delivered
HPO2_1-S1,HPO2_1,2024-10-24,2024-10-30,"Soto, Norris and Ruiz",TRK-91287,Delivered
HPO2_2-S1,HPO2_2,2024-11-05,2024-12-01,"Santiago, Smith and Ramos",TRK-96189,Delivered
HPO2_3-S1,HPO2_3,2024-11-03,2024-11-12,Sweeney PLC,TRK-60577,Delayed
HPO2_4-S1,HPO2_4,2024-08-16,2024-08-23,Williamson-Torres,TRK-45649,Delivered
HPO2_5-S1,HPO2_5,2024-12-15,2025-01-07,Williams-Rodriguez,TRK-86724,Delayed
HPO2_5-S2,HPO2_5,2024-12-09,2025-01-03,Estrada-Martinez,TRK-62800,Delivered
HPO2_6-S1,HPO2_6,2025-02-11,2025-03-25,Harrell and Sons,TRK-21182,Delayed
HPO2_7-S1,HPO2_7,2024-09-11,2024-09-22,Gonzalez Inc,TRK-91309,Delivered
HPO2_8-S1,HPO2_8,2025-01-25,2025-02-07,Sanchez PLC,TRK-64664,Delivered
HPO2_9-S1,HPO2_9,2024-11-12,2024-11-16,Phillips-Hudson,TRK-84921,Delivered
HPO2_9-S2,HPO2_9,2024-10-25,2024-11-07,"Castillo, Hamilton and Woods",TRK-10488,Delivered
HPO2_10-S1,HPO2_10,2024-12-09,2024-12-31,Booker-Rodriguez,TRK-58190,Delivered
HPO2_11-S1,HPO2_11,2025-02-23,2025-03-08,Hendricks-Reese,TRK-24663,Delivered
HPO2_12-S1,HPO2_12,2024-10-25,2024-11-03,Hamilton-Harrington,TRK-47517,Delivered
HPO3_1-S1,HPO3_1,2024-07-06,2024-07-10,"Sullivan, Vaughn and Rhodes",TRK-49283,Delivered
HPO3_2-S1,HPO3_2,2025-05-21,2025-06-03,Friedman-Rojas,TRK-70816,Delayed
HPO3_3-S1,HPO3_3,2024-11-06,2024-11-17,Chapman-Jimenez,TRK-18276,Delivered
HPO3_3-S2,HPO3_3,2024-10-24,2024-11-10,"Conner, Allen and Frank",TRK-25272,Delivered
HPO3_4-S1,HPO3_4,2024-11-03,2024-11-08,Riley PLC,TRK-91422,Delivered
HPO3_5-S1,HPO3_5,2024-10-02,2024-10-20,"Brown, Lee and Stark",TRK-16800,Delivered
HPO3_6-S1,HPO3_6,2025-05-06,2025-05-19,Mendoza PLC,TRK-66402,Delivered
HPO3_7-S1,HPO3_7,2025-02-24,2025-02-25,Walter Inc,TRK-66985,Delivered
HPO3_8-S1,HPO3_8,2024-09-21,2024-09-27,Soto LLC,TRK-40032,Delivered
HPO3_9-S1,HPO3_9,2024-09-09,2024-09-15,Brown-Underwood,TRK-26842,Delivered
HPO3_10-S1,HPO3_10,2024-11-11,2024-12-11,Rogers and Sons,TRK-54277,Delivered
HPO3_11-S1,HPO3_11,2024-07-06,2024-08-10,Chandler Group,TRK-91206,Delivered
HPO3_12-S1,HPO3_12,2025-05-04,2025-05-19,Graham Ltd,TRK-64759,Delivered
HPO3_13-S1,HPO3_13,2024-11-09,2024-11-10,"Hall, Gray and Sexton",TRK-84592,Delivered
HPO3_13-S2,HPO3_13,2024-10-22,2024-10-24,Adams LLC,TRK-19710,Delivered
HPO3_14-S1,HPO3_14,2024-08-10,2024-09-01,"Brown, Gallagher and Murphy",TRK-92226,Delayed
HPO3_15-S1,HPO3_15,2024-07-09,2024-08-03,"Huff, Romero and Perez",TRK-22689,Delivered
HPO3_15-S2,HPO3_15,2024-07-08,2024-07-18,Riddle Ltd,TRK-81280,Delivered
HPO3_16-S1,HPO3_16,2025-02-21,2025-03-08,Lamb-Dixon,TRK-96065,Delivered
HPO3_17-S1,HPO3_17,2025-04-11,2025-05-11,Allen PLC,TRK-78869,Delayed
HPO3_18-S1,HPO3_18,2025-01-09,2025-01-12,Turner Ltd,TRK-51762,Delivered
HPO3_19-S1,HPO3_19,2025-02-11,2025-02-19,Lang-Burke,TRK-48583,Delivered
HPO4_1-S1,HPO4_1,2025-03-11,2025-04-22,Bowen-Lane,TRK-63703,Delayed
HPO4_1-S2,HPO4_1,2025-03-15,2025-03-29,Smith-Smith,TRK-15709,Delivered
HPO4_2-S1,HPO4_2,2024-09-23,2024-10-22,"Bell, Smith and Johnson",TRK-78456,Delivered
HPO4_3-S1,HPO4_3,2024-07-02,2024-07-10,"Mann, Morgan and Williams",TRK-93026,Delivered
HPO4_4-S1,HPO4_4,2024-10-26,2024-11-12,Robinson-Lara,TRK-01624,Delayed
HPO4_4-S2,HPO4_4,2024-10-26,2024-11-15,Meyers LLC,TRK-34186,Delayed
HPO4_5-S1,HPO4_5,2024-07-18,2024-08-06,"Hall, Wilson and Carter",TRK-68818,Delivered
HPO4_5-S2,HPO4_5,2024-07-10,2024-07-21,"Johnson, Hoover and Brown",TRK-92407,Delivered
HPO4_6-S1,HPO4_6,2024-07-09,2024-07-11,Mason-Thompson,TRK-99763,Delivered
HPO4_7-S1,HPO4_7,2025-03-17,2025-04-07,Cole Ltd,TRK-60433,Delivered
HPO4_8-S1,HPO4_8,2025-03-28,2025-03-29,Rodriguez Group,TRK-97663,Delivered
HPO4_9-S1,HPO4_9,2024-10-27,2024-11-13,Ross-Scott,TRK-77045,Delayed
HPO4_10-S1,HPO4_10,2024-12-08,2024-12-11,"Miller, Jones and Salinas",TRK-75082,Delivered
HPO4_11-S1,HPO4_11,2024-11-29,2025-01-10,Fuentes LLC,TRK-87204,Delayed
HPO4_11-S2,HPO4_11,2024-12-17,2024-12-31,"Campbell, Moody and Cisneros",TRK-59900,Delivered
HPO4_12-S1,HPO4_12,2025-05-23,2025-06-01,"Murphy, Liu and Castillo",TRK-45536,Delivered
HPO4_12-S2,HPO4_12,2025-05-22,2025-06-17,Brown PLC,TRK-09379,Delayed
HPO4_13-S1,HPO4_13,2024-07-27,2024-08-04,Middleton Group,TRK-88110,Delivered
HPO4_14-S1,HPO4_14,2024-12-27,2025-01-26,"Melton, Burke and Matthews",TRK-76641,Delayed
HPO4_15-S1,HPO4_15,2024-06-19,2024-07-19,"Thomas, Wilson and Moran",TRK-47779,Delayed
HPO5_1-S1,HPO5_1,2024-12-05,2025-01-05,Curtis Group,TRK-85781,Delayed
HPO5_2-S1,HPO5_2,2024-08-02,2024-08-14,"Lester, Pierce and Kim",TRK-92336,Delivered
HPO5_2-S2,HPO5_2,2024-08-20,2024-09-07,Weiss LLC,TRK-95349,Delayed
HPO5_3-S1,HPO5_3,2024-08-17,2024-09-23,Bauer-Murphy,TRK-32757,Delivered
HPO5_4-S1,HPO5_4,2025-05-01,2025-05-04,"Coffey, Alvarez and Myers",TRK-36709,Delayed
HPO5_5-S1,HPO5_5,2025-01-12,2025-01-23,Lee-Johnson,TRK-11477,Delivered
HPO5_6-S1,HPO5_6,2024-07-28,2024-08-03,"Gibson, Ballard and Wright",TRK-51433,Delivered
HPO5_7-S1,HPO5_7,2024-11-12,2024-11-28,"Brennan, Sparks and Stewart",TRK-82912,Delivered
HPO5_8-S1,HPO5_8,2024-10-13,2024-10-22,Ross Ltd,TRK-84901,Delivered
HPO5_9-S1,HPO5_9,2025-05-30,2025-06-05,"Carter, Brewer and Warner",TRK-02118,Delivered
HPO5_9-S2,HPO5_9,2025-06-01,2025-06-02,"Donovan, Pena and Morrison",TRK-43307,Delivered
HPO5_10-S1,HPO5_10,2025-01-15,2025-01-21,Conley Inc,TRK-45568,Delivered
HPO5_11-S1,HPO5_11,2024-09-13,2024-10-06,"Guerrero, Duncan and Cole",TRK-31614,Delayed
HPO5_12-S1,HPO5_12,2025-02-01,2025-02-03,Ward-Munoz,TRK-09326,Delivered
HPO5_12-S2,HPO5_12,2025-01-29,2025-02-25,Salazar Inc,TRK-50036,Delayed
HPO5_13-S1,HPO5_13,2024-11-18,2024-11-23,Moore-Watkins,TRK-30677,Delivered
HPO5_14-S1,HPO5_14,2025-02-09,2025-02-12,Johnson Inc,TRK-69000,Delivered
HPO6_1-S1,HPO6_1,2024-10-16,2024-11-22,Hernandez and Sons,TRK-69873,Delayed
HPO6_2-S1,HPO6_2,2024-08-11,2024-08-28,Lowe-Melton,TRK-43513,Delivered
HPO6_3-S1,HPO6_3,2025-02-09,2025-02-26,"Maldonado, Williams and Bates",TRK-13365,Delivered
HPO6_3-S2,HPO6_3,2025-02-19,2025-02-20,Lowery and Sons,TRK-73898,Delivered
HPO6_4-S1,HPO6_4,2024-07-05,2024-07-09,Burns LLC,TRK-37817,Delivered
HPO6_4-S2,HPO6_4,2024-07-17,2024-07-23,Mercer-Odonnell,TRK-22000,Delayed
HPO6_5-S1,HPO6_5,2024-08-01,2024-08-14,Robinson PLC,TRK-60127,Delivered
HPO6_6-S1,HPO6_6,2024-05-25,2024-06-18,"Jones, Johnson and Hughes",TRK-82741,Delivered
HPO6_6-S2,HPO6_6,2024-06-19,2024-06-25,"Thomas, Hall and Watson",TRK-48750,Delivered
HPO6_7-S1,HPO6_7,2024-09-15,2024-10-12,Walters and Sons,TRK-67426,Delayed
HPO6_7-S2,HPO6_7,2024-09-19,2024-10-02,Hernandez-Price,TRK-97890,Delivered
HPO6_8-S1,HPO6_8,2024-06-20,2024-06-24,"Cannon, Dudley and Lee",TRK-66921,Delivered
HPO6_8-S2,HPO6_8,2024-05-31,2024-06-04,Mueller PLC,TRK-95131,Delivered
HPO6_9-S1,HPO6_9,2025-01-22,2025-02-09,Johnson Inc,TRK-73106,Delivered
HPO6_9-S2,HPO6_9,2025-01-25,2025-01-28,Hall-Neal,TRK-33536,Delivered
HPO6_10-S1,HPO6_10,2024-08-23,2024-09-04,Morales-Martinez,TRK-32011,Delayed
HPO6_11-S1,HPO6_11,2024-10-02,2024-10-05,Nguyen PLC,TRK-30040,Delivered
HPO6_11-S2,HPO6_11,2024-09-29,2024-10-04,Griffin-Washington,TRK-18902,Delivered
HPO6_12-S1,HPO6_12,2025-04-08,2025-04-17,"Hopkins, Joseph and Davenport",TRK-35867,Delivered
HPO6_13-S1,HPO6_13,2024-08-07,2024-08-17,Huynh-Charles,TRK-43688,Delivered
HPO6_13-S2,HPO6_13,2024-08-02,2024-09-13,Brooks Ltd,TRK-74032,Delayed
HPO6_14-S1,HPO6_14,2024-07-24,2024-07-31,Henderson-Greene,TRK-60532,Delivered
HPO6_15-S1,HPO6_15,2025-03-20,2025-03-26,Melton PLC,TRK-40433,Delayed
HPO6_16-S1,HPO6_16,2024-06-30,2024-07-11,Morrow Inc,TRK-60083,Delivered
HPO6_17-S1,HPO6_17,2025-01-11,2025-01-18,Bradley-Cervantes,TRK-46659,Delivered
HPO6_18-S1,HPO6_18,2024-12-12,2024-12-30,"Church, Lambert and Crosby",TRK-07890,Delivered
HPO7_1-S1,HPO7_1,2024-07-25,2024-08-09,"Holland, Skinner and Stewart",TRK-80180,Delivered
HPO7_2-S1,HPO7_2,2025-04-27,2025-05-15,Carlson PLC,TRK-38509,Delivered
HPO7_3-S1,HPO7_3,2025-02-21,2025-03-08,Stanley Group,TRK-41402,Delivered
HPO7_3-S2,HPO7_3,2025-02-05,2025-02-10,Nelson-Valdez,TRK-83959,Delivered
HPO7_4-S1,HPO7_4,2024-07-21,2024-08-13,"Howard, Morgan and Mathews",TRK-90397,Delivered
HPO7_5-S1,HPO7_5,2024-11-27,2024-12-27,Porter Ltd,TRK-64603,Delayed
HPO7_6-S1,HPO7_6,2024-08-19,2024-09-03,Bates-Frederick,TRK-58334,Delivered
HPO7_6-S2,HPO7_6,2024-09-19,2024-09-24,Krueger-West,TRK-72220,Delivered
HPO7_7-S1,HPO7_7,2025-04-03,2025-04-21,Thomas LLC,TRK-34810,Delayed
HPO7_7-S2,HPO7_7,2025-03-26,2025-04-17,Palmer-Harris,TRK-61640,Delayed
HPO7_8-S1,HPO7_8,2025-04-02,2025-04-23,Horton-Lewis,TRK-04234,Delayed
HPO7_8-S2,HPO7_8,2025-03-19,2025-04-07,"Rice, Jones and Meyers",TRK-14794,Delivered
HPO7_9-S1,HPO7_9,2024-06-02,2024-06-16,"Jacobs, Turner and Clark",TRK-75271,Delivered
HPO7_10-S1,HPO7_10,2024-12-09,2024-12-16,David Group,TRK-77479,Delayed
HPO7_11-S1,HPO7_11,2025-02-28,2025-03-20,Estrada-Le,TRK-86475,Delivered
HPO7_11-S2,HPO7_11,2025-02-06,2025-03-22,Rodriguez Inc,TRK-09452,Delivered
HPO7_12-S1,HPO7_12,2025-02-23,2025-04-04,"Carpenter, Robertson and Bean",TRK-55814,Delivered
HPO8_1-S1,HPO8_1,2024-10-30,2024-11-08,"Bradley, Nelson and Armstrong",TRK-05115,Delayed
HPO8_2-S1,HPO8_2,2024-10-01,2024-10-22,Dalton Inc,TRK-60885,Delivered
HPO8_2-S2,HPO8_2,2024-10-19,2024-10-20,Stewart-Guerra,TRK-94943,Delivered
HPO8_3-S1,HPO8_3,2025-01-19,2025-01-28,Cruz Ltd,TRK-96037,Delivered
HPO8_4-S1,HPO8_4,2024-12-05,2024-12-07,Knox-Ford,TRK-06728,Delivered
HPO8_5-S1,HPO8_5,2024-08-30,2024-09-13,"Richards, Sexton and Holt",TRK-60153,Delivered
HPO8_6-S1,HPO8_6,2024-07-07,2024-07-10,"Mendez, Weiss and Henderson",TRK-17771,Delayed
HPO8_7-S1,HPO8_7,2025-05-20,2025-05-26,Henderson-Mckenzie,TRK-08976,Delayed
HPO8_8-S1,HPO8_8,2024-05-22,2024-06-14,"Myers, Espinoza and Harris",TRK-60600,Delivered
HPO8_9-S1,HPO8_9,2024-07-06,2024-07-22,Morales Group,TRK-68590,Delivered
HPO8_9-S2,HPO8_9,2024-07-21,2024-07-27,"Williams, Johnson and Hernandez",TRK-61553,Delivered
HPO8_10-S1,HPO8_10,2025-03-13,2025-04-03,"Hill, Barrett and Anderson",TRK-53549,Delivered
HPO8_11-S1,HPO8_11,2025-03-18,2025-03-22,"Jones, Nelson and Herring",TRK-48553,Delivered
HPO8_12-S1,HPO8_12,2025-04-06,2025-05-01,"Mitchell, Beasley and Montes",TRK-45245,Delivered
HPO8_12-S2,HPO8_12,2025-04-24,2025-04-26,Hunt Group,TRK-11697,Delivered
HPO8_13-S1,HPO8_13,2025-04-01,2025-04-02,Lane-Wright,TRK-70056,Delivered
HPO8_14-S1,HPO8_14,2024-09-14,2024-09-25,Lopez-Phillips,TRK-96803,Delivered
HPO8_15-S1,HPO8_15,2024-08-18,2024-09-24,Cummings-Brown,TRK-07398,Delivered
HPO8_16-S1,HPO8_16,2024-09-10,2024-09-17,"Rice, Salinas and Ramirez",TRK-44663,Delivered
HPO8_17-S1,HPO8_17,2024-11-02,2024-11-03,Brown-Rodgers,TRK-80321,Delivered
HPO9_1-S1,HPO9_1,2024-07-21,2024-07-27,Olson LLC,TRK-64601,Delivered
HPO9_1-S2,HPO9_1,2024-07-24,2024-08-13,Sanchez-Sanchez,TRK-40122,Delayed
HPO9_2-S1,HPO9_2,2025-01-15,2025-01-23,Marshall Inc,TRK-69501,Delayed
HPO9_2-S2,HPO9_2,2024-12-13,2024-12-24,Thomas-Hughes,TRK-59157,Delivered
HPO9_3-S1,HPO9_3,2024-11-08,2024-11-21,Hopkins Inc,TRK-36205,Delayed
HPO9_4-S1,HPO9_4,2025-06-05,2025-06-09,Medina-Richardson,TRK-03602,Delivered
HPO9_5-S1,HPO9_5,2025-02-09,2025-03-16,"Nelson, Brown and Nixon",TRK-24012,Delayed
HPO9_6-S1,HPO9_6,2024-06-17,2024-07-06,Thompson Group,TRK-72470,Delayed
HPO9_7-S1,HPO9_7,2024-06-26,2024-06-29,"Ochoa, Bell and Harrell",TRK-06969,Delivered
HPO9_8-S1,HPO9_8,2024-11-27,2024-12-28,Bird Inc,TRK-11047,Delivered
HPO9_9-S1,HPO9_9,2024-11-19,2024-11-22,Cunningham Inc,TRK-56201,Delayed
HPO9_10-S1,HPO9_10,2025-05-09,2025-05-23,Byrd Ltd,TRK-07993,Delivered
HPO9_11-S1,HPO9_11,2024-06-18,2024-07-03,Torres-Mcdonald,TRK-59535,Delayed
HPO9_12-S1,HPO9_12,2024-07-28,2024-08-12,Wright-Abbott,TRK-95095,Delivered
HPO9_13-S1,HPO9_13,2025-01-02,2025-01-10,Anderson and Sons,TRK-58310,Delivered
HPO9_14-S1,HPO9_14,2025-04-04,2025-05-01,Butler Group,TRK-38395,Delivered
HPO9_15-S1,HPO9_15,2025-03-19,2025-04-24,"Johnson, King and Smith",TRK-18563,Delivered
HPO9_16-S1,HPO9_16,2025-05-30,2025-06-10,Howe Ltd,TRK-13051,Delayed
HPO9_17-S1,HPO9_17,2025-01-10,2025-02-08,Martin Group,TRK-24846,Delivered
HPO9_18-S1,HPO9_18,2024-11-23,2024-11-30,Davis Inc,TRK-82295,Delivered
HPO10_1-S1,HPO10_1,2025-04-05,2025-04-19,Luna-Horton,TRK-36706,Delivered
HPO10_2-S1,HPO10_2,2024-06-27,2024-06-29,"Cole, Andrews and Lopez",TRK-50819,Delivered
HPO10_3-S1,HPO10_3,2024-08-22,2024-09-02,"Glover, Carter and Taylor",TRK-99824,Delayed
HPO10_4-S1,HPO10_4,2024-11-07,2024-11-21,"Black, Whitaker and Lloyd",TRK-99542,Delayed
HPO10_5-S1,HPO10_5,2025-02-22,2025-03-16,Miller-Miller,TRK-85304,Delivered
HPO10_6-S1,HPO10_6,2025-01-19,2025-01-23,Gutierrez-Harris,TRK-57588,Delivered
HPO10_7-S1,HPO10_7,2024-07-31,2024-08-23,Daniel PLC,TRK-21365,Delivered
HPO10_8-S1,HPO10_8,2024-07-08,2024-07-16,Flores PLC,TRK-47423,Delayed
HPO10_9-S1,HPO10_9,2024-12-04,2024-12-10,"Bentley, Lin and Johnson",TRK-44284,Delayed
HPO10_9-S2,HPO10_9,2024-12-01,2024-12-08,"Tran, Bell and Ramsey",TRK-29545,Delivered
HPO10_10-S1,HPO10_10,2025-03-22,2025-04-12,"Fox, Garcia and Harding",TRK-88339,Delivered
HPO10_10-S2,HPO10_10,2025-03-22,2025-04-18,"Hunter, Berg and Tucker",TRK-78319,Delivered
HPO10_11-S1,HPO10_11,2024-07-27,2024-07-28,Grimes and Sons,TRK-91179,Delivered
HPO10_11-S2,HPO10_11,2024-07-18,2024-07-19,Wilson Inc,TRK-72290,Delivered
HPO10_12-S1,HPO10_12,2024-12-29,2025-01-04,Garcia Group,TRK-37027,Delivered
HPO10_13-S1,HPO10_13,2024-06-23,2024-07-12,"Perez, Bean and Davis",TRK-33955,Delivered
HPO10_14-S1,HPO10_14,2024-06-12,2024-07-14,Allen-Jones,TRK-48515,Delivered
HPO10_14-S2,HPO10_14,2024-06-14,2024-07-01,Smith LLC,TRK-84668,Delivered
HPO10_15-S1,HPO10_15,2024-11-02,2024-11-15,Matthews Inc,TRK-92309,Delivered
HPO10_16-S1,HPO10_16,2025-02-16,2025-02-24,"Lambert, Morton and Collins",TRK-20587,Delayed
HPO10_17-S1,HPO10_17,2024-06-29,2024-07-10,Smith-Burton,TRK-16524,Delivered
HPO10_17-S2,HPO10_17,2024-06-15,2024-07-11,Franco-Edwards,TRK-22789,Delivered
HPO10_18-S1,HPO10_18,2024-08-27,2024-09-16,Jones Inc,TRK-63619,Delivered
HPO11_1-S1,HPO11_1,2024-08-02,2024-08-16,"Rojas, Brown and Davidson",TRK-05175,Delivered
HPO11_1-S2,HPO11_1,2024-08-22,2024-08-31,Morris LLC,TRK-51660,Delivered
HPO11_2-S1,HPO11_2,2024-12-28,2025-01-18,Cox LLC,TRK-74326,Delivered
HPO11_3-S1,HPO11_3,2025-05-12,2025-06-02,"Perry, Rodriguez and Ramirez",TRK-90864,Delivered
HPO11_4-S1,HPO11_4,2024-06-20,2024-06-28,"Sheppard, Owen and Lin",TRK-73694,Delivered
HPO11_5-S1,HPO11_5,2025-04-30,2025-05-05,Vaughn-Robbins,TRK-03491,Delivered
HPO11_5-S2,HPO11_5,2025-04-24,2025-05-20,Roberts-Fuller,TRK-23249,Delivered
HPO11_6-S1,HPO11_6,2025-01-31,2025-02-23,Coffey and Sons,TRK-60634,Delivered
HPO11_7-S1,HPO11_7,2024-07-21,2024-08-19,Li Inc,TRK-11325,Delivered
HPO11_7-S2,HPO11_7,2024-07-20,2024-08-20,"Allen, Powell and Long",TRK-03700,Delivered
HPO11_8-S1,HPO11_8,2025-01-14,2025-01-28,Salazar Inc,TRK-11788,Delayed
HPO11_9-S1,HPO11_9,2025-03-11,2025-04-01,Frazier Inc,TRK-04527,Delivered
HPO11_10-S1,HPO11_10,2024-11-30,2024-12-08,Dorsey and Sons,TRK-53852,Delivered
HPO11_10-S2,HPO11_10,2024-12-02,2024-12-19,"Holmes, Dorsey and Santiago",TRK-81975,Delayed
HPO11_11-S1,HPO11_11,2024-07-31,2024-08-18,Curry-Duncan,TRK-04218,Delivered
HPO11_12-S1,HPO11_12,2025-05-20,2025-05-26,Russo and Sons,TRK-52614,Delivered
HPO11_13-S1,HPO11_13,2024-12-13,2024-12-18,Wyatt-Sanchez,TRK-16579,Delivered
HPO11_14-S1,HPO11_14,2024-09-02,2024-09-15,Holmes-Long,TRK-56059,Delivered
HPO11_15-S1,HPO11_15,2024-10-01,2024-10-03,"Morales, Tran and Guzman",TRK-76045,Delivered
HPO11_16-S1,HPO11_16,2025-01-03,2025-01-15,"Shaw, Conway and Hill",TRK-91061,Delayed
HPO11_17-S1,HPO11_17,2024-09-16,2024-09-22,Dominguez LLC,TRK-26817,Delivered
HPO11_18-S1,HPO11_18,2024-08-14,2024-08-17,"Mack, Carpenter and Garcia",TRK-78807,Delivered
HPO11_19-S1,HPO11_19,2024-11-13,2024-12-07,Harris and Sons,TRK-97749,Delivered
HPO12_1-S1,HPO12_1,2025-04-16,2025-04-23,"Olson, Stein and Park",TRK-84328,Delayed
HPO12_1-S2,HPO12_1,2025-04-09,2025-04-13,Pacheco-Porter,TRK-78882,Delivered
HPO12_2-S1,HPO12_2,2024-08-27,2024-09-01,Flowers and Sons,TRK-44465,Delivered
HPO12_3-S1,HPO12_3,2025-01-15,2025-01-19,Hebert-Good,TRK-02370,Delivered
HPO12_3-S2,HPO12_3,2025-01-19,2025-01-26,"Long, Ortiz and Haley",TRK-08087,Delayed
HPO12_4-S1,HPO12_4,2024-11-21,2024-12-06,Green-Nguyen,TRK-82700,Delivered
HPO12_5-S1,HPO12_5,2025-02-21,2025-03-09,Lawson-Lewis,TRK-75391,Delayed
HPO12_5-S2,HPO12_5,2025-02-14,2025-02-21,Tucker Ltd,TRK-64386,Delivered
HPO12_6-S1,HPO12_6,2024-08-21,2024-09-08,Parker-Villa,TRK-32203,Delivered
HPO12_7-S1,HPO12_7,2024-08-21,2024-09-05,Gonzales PLC,TRK-45020,Delivered
HPO12_8-S1,HPO12_8,2024-08-05,2024-08-06,Gillespie Group,TRK-37511,Delivered
HPO12_9-S1,HPO12_9,2025-04-15,2025-04-29,Sanchez-Wallace,TRK-78940,Delayed
HPO12_10-S1,HPO12_10,2025-01-11,2025-02-13,"Oneal, Dominguez and Arroyo",TRK-67709,Delivered
HPO12_10-S2,HPO12_10,2025-01-31,2025-02-18,Henry-Schroeder,TRK-36635,Delayed
HPO12_11-S1,HPO12_11,2024-11-27,2024-11-28,"Anderson, Jacobs and Wolfe",TRK-84638,Delivered
HPO12_11-S2,HPO12_11,2024-11-24,2024-11-27,"Rodriguez, Russell and Smith",TRK-32192,Delivered
HPO12_12-S1,HPO12_12,2024-07-16,2024-07-19,Roberts Inc,TRK-45616,Delivered
HPO12_13-S1,HPO12_13,2024-07-21,2024-07-29,Patel Ltd,TRK-73155,Delivered
HPO12_13-S2,HPO12_13,2024-07-09,2024-07-28,Brown LLC,TRK-95381,Delivered
HPO12_14-S1,HPO12_14,2024-06-23,2024-07-11,Humphrey Inc,TRK-23857,Delivered
HPO12_15-S1,HPO12_15,2024-07-13,2024-07-19,Murphy Group,TRK-05435,Delayed
HPO12_16-S1,HPO12_16,2024-10-15,2024-10-18,Barnes Group,TRK-79572,Delivered
HPO12_17-S1,HPO12_17,2024-10-05,2024-10-15,Taylor-Hopkins,TRK-27262,Delivered
HPO12_18-S1,HPO12_18,2025-03-07,2025-03-11,Long-Gilbert,TRK-01821,Delivered
HPO12_19-S1,HPO12_19,2024-11-04,2024-11-27,Gomez Ltd,TRK-56386,Delayed
HPO12_20-S1,HPO12_20,2025-01-16,2025-01-25,Reed-Weaver,TRK-27996,Delayed
HPO13_1-S1,HPO13_1,2025-02-27,2025-03-09,"May, Jenkins and Jones",TRK-82541,Delivered
HPO13_2-S1,HPO13_2,2024-05-31,2024-06-07,"Weiss, Park and Flores",TRK-35155,Delivered
HPO13_3-S1,HPO13_3,2024-06-22,2024-07-09,Church-Bowers,TRK-85452,Delivered
HPO13_4-S1,HPO13_4,2024-06-01,2024-07-02,Allen-Graham,TRK-39920,Delivered
HPO13_5-S1,HPO13_5,2024-12-29,2025-01-20,"Howell, Hughes and Pena",TRK-86660,Delayed
HPO13_6-S1,HPO13_6,2025-01-07,2025-02-05,"Robinson, Odonnell and Howard",TRK-44908,Delivered
HPO13_7-S1,HPO13_7,2024-07-03,2024-07-07,Reese-Chandler,TRK-15155,Delivered
HPO13_7-S2,HPO13_7,2024-07-17,2024-07-20,Phillips Ltd,TRK-27917,Delivered
HPO13_8-S1,HPO13_8,2025-02-06,2025-02-20,Anderson and Sons,TRK-43847,Delivered
HPO13_9-S1,HPO13_9,2025-04-18,2025-05-02,Boyd and Sons,TRK-24937,Delivered
HPO13_9-S2,HPO13_9,2025-05-15,2025-05-20,"Stanley, French and Lopez",TRK-82258,Delayed
HPO13_10-S1,HPO13_10,2025-04-07,2025-04-12,"Williams, Lin and Turner",TRK-09630,Delivered
HPO13_11-S1,HPO13_11,2025-02-11,2025-02-16,Foster-Tucker,TRK-31413,Delivered
HPO13_12-S1,HPO13_12,2025-05-02,2025-05-03,"Buchanan, Clay and Johnson",TRK-27356,Delivered
HPO13_13-S1,HPO13_13,2025-03-10,2025-04-12,Whitehead LLC,TRK-76492,Delayed
HPO13_13-S2,HPO13_13,2025-03-22,2025-03-31,Bradley-Rodriguez,TRK-71430,Delivered
HPO14_1-S1,HPO14_1,2024-12-24,2024-12-31,Baker Group,TRK-59138,Delayed
HPO14_2-S1,HPO14_2,2025-04-30,2025-05-08,Smith-Hamilton,TRK-37926,Delivered
HPO14_3-S1,HPO14_3,2024-08-15,2024-08-28,"Sanders, Blake and Price",TRK-51672,Delivered
HPO14_3-S2,HPO14_3,2024-08-25,2024-09-01,"Hart, Skinner and Sandoval",TRK-01318,Delivered
HPO14_4-S1,HPO14_4,2024-10-07,2024-10-16,Wiggins Inc,TRK-37243,Delayed
HPO14_5-S1,HPO14_5,2024-10-12,2024-10-23,"Daniels, Reed and Deleon",TRK-02021,Delivered
HPO14_6-S1,HPO14_6,2024-08-05,2024-08-09,Flores-Tyler,TRK-92136,Delivered
HPO14_6-S2,HPO14_6,2024-07-14,2024-08-04,Cobb PLC,TRK-67094,Delivered
HPO14_7-S1,HPO14_7,2025-04-27,2025-04-29,"Fry, Pittman and Vasquez",TRK-07437,Delayed
HPO14_8-S1,HPO14_8,2024-12-25,2025-01-05,Ross-Obrien,TRK-80483,Delivered
HPO14_9-S1,HPO14_9,2024-09-09,2024-09-12,Ellis-Johnson,TRK-43875,Delivered
HPO14_10-S1,HPO14_10,2024-08-20,2024-09-07,Johnson Ltd,TRK-45960,Delivered
HPO14_10-S2,HPO14_10,2024-09-12,2024-09-17,"Flores, Perez and Ramirez",TRK-70432,Delivered
HPO14_11-S1,HPO14_11,2025-04-14,2025-04-15,Ponce and Sons,TRK-32425,Delivered
HPO14_12-S1,HPO14_12,2024-11-02,2024-11-13,Matthews Inc,TRK-02211,Delayed
HPO14_13-S1,HPO14_13,2025-03-09,2025-04-12,Harris PLC,TRK-71831,Delayed
HPO14_13-S2,HPO14_13,2025-03-28,2025-04-01,"Rodgers, Hughes and Odom",TRK-26573,Delivered
HPO14_14-S1,HPO14_14,2024-09-26,2024-10-25,Crane Inc,TRK-94959,Delivered
HPO14_14-S2,HPO14_14,2024-10-13,2024-10-24,Miller and Sons,TRK-41796,Delivered
HPO14_15-S1,HPO14_15,2024-12-18,2024-12-22,"Reed, Stevens and Sutton",TRK-39923,Delivered
HPO14_16-S1,HPO14_16,2024-09-21,2024-09-25,Miller PLC,TRK-76776,Delayed
HPO14_16-S2,HPO14_16,2024-09-15,2024-09-23,"Adams, Vaughan and Padilla",TRK-56398,Delayed
HPO15_1-S1,HPO15_1,2025-02-20,2025-03-01,"Hayes, Crosby and Kirk",TRK-43858,Delivered
HPO15_2-S1,HPO15_2,2024-12-16,2024-12-18,Young Ltd,TRK-25086,Delivered
HPO15_2-S2,HPO15_2,2024-11-14,2024-11-27,Robinson and Sons,TRK-34429,Delivered
HPO15_3-S1,HPO15_3,2024-07-10,2024-07-13,Taylor-Garcia,TRK-60366,Delayed
HPO15_3-S2,HPO15_3,2024-06-08,2024-07-08,"Gonzalez, Decker and Garcia",TRK-82278,Delivered
HPO15_4-S1,HPO15_4,2024-05-16,2024-06-14,"Arnold, Lee and Kim",TRK-92201,Delivered
HPO15_4-S2,HPO15_4,2024-05-21,2024-06-22,"Taylor, Malone and Carr",TRK-20186,Delayed
HPO15_5-S1,HPO15_5,2024-07-05,2024-07-11,Williamson-Petty,TRK-12092,Delivered
HPO15_6-S1,HPO15_6,2024-12-17,2024-12-19,"Berry, Watts and Townsend",TRK-61321,Delayed
HPO15_7-S1,HPO15_7,2025-05-01,2025-05-07,Richards Group,TRK-91498,Delayed
HPO15_7-S2,HPO15_7,2025-04-28,2025-05-06,"Calderon, Johnson and Zavala",TRK-94546,Delayed
HPO15_8-S1,HPO15_8,2025-01-13,2025-01-14,Green Group,TRK-59119,Delivered
HPO15_9-S1,HPO15_9,2025-05-13,2025-05-24,"Webb, Sexton and Beck",TRK-84826,Delayed
HPO15_10-S1,HPO15_10,2025-04-14,2025-05-09,Brown Inc,TRK-95557,Delayed
HPO15_11-S1,HPO15_11,2024-10-28,2024-10-30,Grant LLC,TRK-50688,Delivered
HPO15_11-S2,HPO15_11,2024-10-05,2024-10-14,Carroll-Lucero,TRK-00503,Delivered
HPO15_12-S1,HPO15_12,2024-07-09,2024-07-19,Davis-Lewis,TRK-64276,Delivered
HPO15_13-S1,HPO15_13,2025-05-24,2025-06-26,Brown-Bailey,TRK-93758,Delayed
HPO15_14-S1,HPO15_14,2024-12-04,2024-12-08,Jones PLC,TRK-88528,Delayed
HPO15_15-S1,HPO15_15,2025-04-01,2025-05-11,Burke-Myers,TRK-74951,Delivered
HPO15_16-S1,HPO15_16,2025-04-22,2025-05-03,"Cruz, Wood and Vega",TRK-09494,Delivered
HPO15_17-S1,HPO15_17,2025-04-19,2025-04-20,Williams-Lambert,TRK-84999,Delivered
HPO15_18-S1,HPO15_18,2024-12-14,2024-12-24,"Newman, Carlson and Adams",TRK-58974,Delayed
HPO15_19-S1,HPO15_19,2025-01-06,2025-02-16,Brown-Castro,TRK-68060,Delayed
HPO15_19-S2,HPO15_19,2025-01-21,2025-02-14,"Newman, Smith and Hughes",TRK-32601,Delayed
HPO15_20-S1,HPO15_20,2025-04-19,2025-04-24,Salinas-Beard,TRK-51705,Delivered
HPO15_21-S1,HPO15_21,2024-07-05,2024-07-14,Yu-Beck,TRK-56474,Delivered
HPO15_22-S1,HPO15_22,2025-02-13,2025-03-02,"Hill, Hunt and Pacheco",TRK-21269,Delivered
HPO15_22-S2,HPO15_22,2025-02-24,2025-03-09,Moore Group,TRK-15041,Delivered
HPO15_23-S1,HPO15_23,2024-09-29,2024-09-30,Keller PLC,TRK-29731,Delivered
HPO15_24-S1,HPO15_24,2024-09-21,2024-10-08,"Wilkins, Sellers and Jordan",TRK-88140,Delivered
HPO16_1-S1,HPO16_1,2025-05-25,2025-05-28,Camacho-Hunter,TRK-71686,Delivered
HPO16_2-S1,HPO16_2,2024-08-14,2024-09-04,Cortez LLC,TRK-18437,Delivered
HPO16_2-S2,HPO16_2,2024-08-13,2024-08-29,Montgomery LLC,TRK-21095,Delivered
HPO16_3-S1,HPO16_3,2024-09-23,2024-10-26,"Rose, Castro and Cox",TRK-08420,Delayed
HPO16_3-S2,HPO16_3,2024-09-26,2024-10-24,Mann-King,TRK-21352,Delivered
HPO16_4-S1,HPO16_4,2024-09-27,2024-09-30,"Martinez, Acosta and Walker",TRK-73504,Delayed
HPO16_5-S1,HPO16_5,2024-11-12,2024-11-16,"Taylor, Hunter and Ortiz",TRK-47335,Delayed
HPO16_6-S1,HPO16_6,2025-03-25,2025-03-31,Jordan-Thompson,TRK-01702,Delivered
HPO16_7-S1,HPO16_7,2025-01-24,2025-01-27,Marshall Group,TRK-06248,Delivered
HPO16_8-S1,HPO16_8,2024-09-18,2024-09-25,Russell-Molina,TRK-90264,Delayed
HPO16_9-S1,HPO16_9,2024-08-04,2024-08-29,Lewis-Griffin,TRK-44661,Delayed
HPO16_9-S2,HPO16_9,2024-08-21,2024-08-30,Willis-Curtis,TRK-22434,Delayed
HPO16_10-S1,HPO16_10,2024-08-20,2024-09-22,"Bailey, Kelly and Lopez",TRK-63660,Delayed
HPO16_10-S2,HPO16_10,2024-08-10,2024-09-06,Hancock and Sons,TRK-21839,Delivered
HPO16_11-S1,HPO16_11,2024-09-08,2024-10-04,"Barry, Pittman and Evans",TRK-59220,Delayed
HPO16_12-S1,HPO16_12,2024-11-21,2024-12-09,Gonzalez-Lawrence,TRK-49363,Delivered
HPO17_1-S1,HPO17_1,2024-07-13,2024-08-02,Berry-Cochran,TRK-03478,Delayed
HPO17_2-S1,HPO17_2,2024-09-24,2024-10-08,"Calderon, Adams and Hood",TRK-49050,Delivered
HPO17_3-S1,HPO17_3,2024-11-04,2024-11-07,Fox-Baker,TRK-05519,Delivered
HPO17_4-S1,HPO17_4,2025-01-09,2025-02-09,Ramos-Riddle,TRK-05160,Delivered
HPO17_5-S1,HPO17_5,2024-12-09,2024-12-13,"Sullivan, Malone and Nelson",TRK-85502,Delayed
HPO17_6-S1,HPO17_6,2025-01-23,2025-02-11,"Lee, Smith and Obrien",TRK-77499,Delivered
HPO17_7-S1,HPO17_7,2024-11-07,2024-11-10,Fuller-Johnson,TRK-57727,Delivered
HPO17_7-S2,HPO17_7,2024-11-10,2024-11-16,Dunn-Hernandez,TRK-22991,Delayed
HPO17_8-S1,HPO17_8,2025-01-29,2025-02-02,Nguyen-Watson,TRK-58876,Delivered
HPO17_9-S1,HPO17_9,2024-05-15,2024-05-17,Mata-Grant,TRK-30184,Delivered
HPO17_10-S1,HPO17_10,2025-05-27,2025-05-31,Kelly-Bryant,TRK-03290,Delivered
HPO17_11-S1,HPO17_11,2024-05-27,2024-07-17,"Sanchez, Anthony and Wyatt",TRK-72692,Delayed
HPO17_12-S1,HPO17_12,2024-12-15,2025-01-07,Mckee-Hogan,TRK-16709,Delivered
HPO17_12-S2,HPO17_12,2025-01-12,2025-01-19,"Griffith, Greene and Huang",TRK-32529,Delivered
HPO18_1-S1,HPO18_1,2024-12-18,2024-12-20,Nelson LLC,TRK-31163,Delivered
HPO18_1-S2,HPO18_1,2024-12-09,2025-01-14,"Miller, Long and Becker",TRK-63853,Delivered
HPO18_2-S1,HPO18_2,2024-09-17,2024-10-03,Serrano-Lewis,TRK-25489,Delivered
HPO18_2-S2,HPO18_2,2024-10-04,2024-10-29,White LLC,TRK-03920,Delivered
HPO18_3-S1,HPO18_3,2025-03-22,2025-03-27,"Gonzalez, Jackson and Pope",TRK-36725,Delivered
HPO18_4-S1,HPO18_4,2024-10-14,2024-11-10,Barrett Inc,TRK-13292,Delivered
HPO18_4-S2,HPO18_4,2024-10-30,2024-11-14,"Cole, Jones and Campos",TRK-19512,Delivered
HPO18_5-S1,HPO18_5,2025-03-15,2025-03-31,Campbell LLC,TRK-11473,Delivered
HPO18_6-S1,HPO18_6,2024-07-29,2024-08-08,Munoz-Suarez,TRK-41268,Delivered
HPO18_7-S1,HPO18_7,2024-12-22,2024-12-24,King Inc,TRK-20588,Delivered
HPO18_8-S1,HPO18_8,2025-03-20,2025-04-11,Soto Inc,TRK-87851,Delivered
HPO18_8-S2,HPO18_8,2025-04-13,2025-05-05,"Wright, Rodriguez and Ware",TRK-05314,Delayed
HPO18_9-S1,HPO18_9,2025-01-29,2025-02-17,Garcia PLC,TRK-31051,Delayed
HPO18_10-S1,HPO18_10,2024-08-14,2024-08-30,Sellers-Ross,TRK-50827,Delivered
HPO18_11-S1,HPO18_11,2025-03-20,2025-03-27,Rivera-Hall,TRK-43661,Delayed
HPO18_12-S1,HPO18_12,2024-07-12,2024-07-30,Chen-Wilson,TRK-69916,Delivered
HPO18_12-S2,HPO18_12,2024-07-08,2024-07-24,Young-Best,TRK-13073,Delivered
HPO18_13-S1,HPO18_13,2024-05-28,2024-06-09,Peters Inc,TRK-51099,Delivered
HPO18_14-S1,HPO18_14,2025-02-13,2025-02-25,Johnson PLC,TRK-22308,Delivered
HPO18_15-S1,HPO18_15,2025-02-17,2025-02-25,Medina PLC,TRK-57361,Delivered
HPO18_16-S1,HPO18_16,2024-07-17,2024-07-23,Peterson PLC,TRK-17968,Delivered
HPO18_17-S1,HPO18_17,2024-07-27,2024-08-10,"Jenkins, Martin and Terrell",TRK-73605,Delayed
HPO19_1-S1,HPO19_1,2024-07-19,2024-07-27,"Compton, Joyce and Thompson",TRK-31564,Delivered
HPO19_1-S2,HPO19_1,2024-07-16,2024-07-30,"Washington, Turner and Sanchez",TRK-63580,Delayed
HPO19_2-S1,HPO19_2,2024-07-17,2024-07-25,"Hunt, Bennett and Cortez",TRK-49578,Delayed
HPO19_3-S1,HPO19_3,2024-10-19,2024-10-20,Davidson-Garcia,TRK-48915,Delivered
HPO19_3-S2,HPO19_3,2024-10-15,2024-10-23,"Castro, Montgomery and Paul",TRK-19331,Delivered
HPO19_4-S1,HPO19_4,2025-02-18,2025-02-23,Ali Ltd,TRK-05981,Delivered
HPO19_5-S1,HPO19_5,2024-11-06,2024-11-18,Reed PLC,TRK-67055,Delayed
HPO19_5-S2,HPO19_5,2024-10-25,2024-11-20,Brown PLC,TRK-82018,Delayed
HPO19_6-S1,HPO19_6,2024-06-03,2024-06-18,"Smith, Hamilton and Smith",TRK-31058,Delivered
HPO19_7-S1,HPO19_7,2025-01-18,2025-02-15,"Bell, Harris and Hall",TRK-52298,Delayed
HPO19_8-S1,HPO19_8,2024-08-26,2024-09-12,Carter-Cochran,TRK-82474,Delivered
HPO19_9-S1,HPO19_9,2024-11-18,2024-12-14,Collins-Roberts,TRK-91937,Delivered
HPO19_9-S2,HPO19_9,2024-11-07,2024-12-20,Galloway-Castillo,TRK-11481,Delayed
HPO19_10-S1,HPO19_10,2024-07-26,2024-07-30,Williams and Sons,TRK-90703,Delayed
HPO19_11-S1,HPO19_11,2024-09-01,2024-09-24,"Glass, Terrell and Jones",TRK-72691,Delivered
HPO19_12-S1,HPO19_12,2025-05-09,2025-05-18,"Strickland, Kemp and Li",TRK-95965,Delivered
HPO19_13-S1,HPO19_13,2025-01-02,2025-01-13,Liu-Moore,TRK-22838,Delivered
HPO20_1-S1,HPO20_1,2025-02-12,2025-02-17,Peterson Ltd,TRK-05921,Delivered
HPO20_2-S1,HPO20_2,2024-11-27,2024-12-01,Ewing-Bryant,TRK-59248,Delivered
HPO20_2-S2,HPO20_2,2024-11-16,2024-12-01,"Stevens, Perry and Cox",TRK-57496,Delivered
HPO20_3-S1,HPO20_3,2025-03-28,2025-04-02,Hampton-Lewis,TRK-37422,Delivered
HPO20_4-S1,HPO20_4,2025-03-18,2025-04-14,"Greer, Johnston and Cruz",TRK-07795,Delivered
HPO20_5-S1,HPO20_5,2024-08-28,2024-08-31,"Hernandez, Tucker and Drake",TRK-67649,Delivered
HPO20_5-S2,HPO20_5,2024-08-23,2024-09-05,"Gibbs, Jackson and Lopez",TRK-55075,Delivered
HPO20_6-S1,HPO20_6,2025-04-09,2025-05-09,Rowe LLC,TRK-65227,Delivered
HPO20_7-S1,HPO20_7,2025-01-12,2025-02-06,Doyle PLC,TRK-73321,Delivered
HPO20_7-S2,HPO20_7,2025-01-14,2025-02-08,Rivera-Adams,TRK-59443,Delivered
HPO20_8-S1,HPO20_8,2024-11-26,2024-12-02,White Inc,TRK-45953,Delayed
HPO20_9-S1,HPO20_9,2024-12-04,2024-12-24,Hill-Stein,TRK-25418,Delayed
HPO20_10-S1,HPO20_10,2024-08-09,2024-09-12,"Simmons, Chase and Mayer",TRK-64548,Delivered
HPO20_10-S2,HPO20_10,2024-08-14,2024-08-23,Barajas LLC,TRK-74941,Delivered
HPO20_11-S1,HPO20_11,2024-12-05,2024-12-25,"Taylor, Jackson and Coleman",TRK-81940,Delivered
HPO20_12-S1,HPO20_12,2024-12-06,2024-12-23,"Acosta, Romero and Simmons",TRK-65468,Delivered
HPO20_12-S2,HPO20_12,2024-12-14,2024-12-17,Carter-Richmond,TRK-05983,Delivered
HPO20_13-S1,HPO20_13,2024-09-01,2024-09-02,"Collins, Davis and Peterson",TRK-48538,Delivered
HPO20_14-S1,HPO20_14,2024-10-01,2024-10-17,Ball Group,TRK-48428,Delivered
HPO20_15-S1,HPO20_15,2024-10-13,2024-10-19,Garcia Group,TRK-02081,Delivered
HPO20_15-S2,HPO20_15,2024-09-24,2024-09-26,"Castillo, Hall and Baldwin",TRK-31870,Delivered
HPO20_16-S1,HPO20_16,2024-07-07,2024-07-12,Williams-Vasquez,TRK-27110,Delivered
HPO20_17-S1,HPO20_17,2025-04-27,2025-04-29,"Rogers, Newman and Schwartz",TRK-95525,Delivered
HPO20_18-S1,HPO20_18,2025-04-18,2025-04-21,Hale-Goodman,TRK-30408,Delivered
HPO20_18-S2,HPO20_18,2025-04-08,2025-04-18,"White, Mendez and Curtis",TRK-18742,Delivered
HPO20_19-S1,HPO20_19,2024-12-01,2024-12-20,Palmer-Alvarado,TRK-30479,Delayed
HPO21_1-S1,HPO21_1,2025-05-14,2025-06-19,Ellis-Elliott,TRK-81528,Delayed
HPO21_1-S2,HPO21_1,2025-06-15,2025-06-19,Hernandez-Ward,TRK-69581,Delayed
HPO21_2-S1,HPO21_2,2025-03-08,2025-03-10,Jones and Sons,TRK-59312,Delivered
HPO21_3-S1,HPO21_3,2024-08-22,2024-08-27,Young Inc,TRK-41598,Delivered
HPO21_4-S1,HPO21_4,2024-08-26,2024-08-29,"Moore, Burns and Christensen",TRK-66429,Delivered
HPO21_5-S1,HPO21_5,2025-01-23,2025-01-31,"Dominguez, Johnson and Morgan",TRK-88569,Delivered
HPO21_6-S1,HPO21_6,2024-12-15,2025-01-18,Hernandez Ltd,TRK-28656,Delivered
HPO21_6-S2,HPO21_6,2025-01-02,2025-01-23,Warner-Wells,TRK-59534,Delayed
HPO21_7-S1,HPO21_7,2025-04-10,2025-05-02,Adams-Lyons,TRK-94679,Delayed
HPO21_7-S2,HPO21_7,2025-03-29,2025-04-23,"Ward, Miller and Lewis",TRK-81088,Delivered
HPO21_8-S1,HPO21_8,2024-06-15,2024-06-26,"Zhang, Williams and Foster",TRK-27667,Delivered
HPO21_9-S1,HPO21_9,2024-07-21,2024-07-25,Mora-Alvarez,TRK-83131,Delivered
HPO21_10-S1,HPO21_10,2025-03-23,2025-04-03,"Perez, Blankenship and Sanders",TRK-22930,Delivered
HPO21_11-S1,HPO21_11,2024-09-11,2024-09-25,Carlson Group,TRK-63023,Delivered
HPO21_12-S1,HPO21_12,2025-01-06,2025-02-01,"Moreno, Martinez and Woodard",TRK-71767,Delivered
HPO21_13-S1,HPO21_13,2025-02-07,2025-02-25,Arellano and Sons,TRK-35487,Delivered
HPO21_14-S1,HPO21_14,2025-04-05,2025-04-13,"Miller, Gonzalez and Eaton",TRK-44783,Delayed
HPO21_14-S2,HPO21_14,2025-02-20,2025-03-26,"Hoffman, Mendoza and Stevens",TRK-12313,Delivered
HPO21_15-S1,HPO21_15,2025-02-20,2025-02-22,Russell Inc,TRK-58168,Delivered
HPO21_16-S1,HPO21_16,2024-07-19,2024-07-22,Humphrey Inc,TRK-09608,Delivered
HPO21_17-S1,HPO21_17,2024-07-06,2024-07-09,"Werner, Smith and Pruitt",TRK-03517,Delivered
HPO21_18-S1,HPO21_18,2024-06-16,2024-07-15,Cowan Inc,TRK-68953,Delayed
HPO21_18-S2,HPO21_18,2024-06-30,2024-07-08,Gross-Ingram,TRK-86988,Delivered
HPO21_19-S1,HPO21_19,2025-05-08,2025-05-19,Williams PLC,TRK-05827,Delivered
HPO21_20-S1,HPO21_20,2025-01-21,2025-02-01,Fisher-Garcia,TRK-16304,Delivered
HPO21_20-S2,HPO21_20,2025-02-08,2025-02-15,"Dominguez, Gomez and Morgan",TRK-21784,Delivered
HPO22_1-S1,HPO22_1,2025-04-01,2025-04-10,Proctor LLC,TRK-52128,Delivered
HPO22_1-S2,HPO22_1,2025-04-12,2025-04-16,"Haynes, Colon and Jones",TRK-24858,Delivered
HPO22_2-S1,HPO22_2,2025-01-11,2025-01-12,Kim Group,TRK-30059,Delivered
HPO22_3-S1,HPO22_3,2024-06-16,2024-06-21,Beltran and Sons,TRK-17368,Delivered
HPO22_4-S1,HPO22_4,2025-03-07,2025-03-10,"House, Mitchell and Cox",TRK-45225,Delivered
HPO22_4-S2,HPO22_4,2025-03-06,2025-03-13,"Moreno, Obrien and French",TRK-52241,Delivered
HPO22_5-S1,HPO22_5,2025-02-23,2025-03-03,Dominguez Ltd,TRK-16011,Delivered
HPO22_6-S1,HPO22_6,2024-09-09,2024-09-10,Estrada and Sons,TRK-58070,Delivered
HPO22_6-S2,HPO22_6,2024-08-08,2024-08-28,Robinson Inc,TRK-77468,Delivered
HPO22_7-S1,HPO22_7,2024-06-14,2024-06-29,"Macias, Anderson and Reyes",TRK-28644,Delivered
HPO22_7-S2,HPO22_7,2024-07-16,2024-07-19,"Booth, Scott and Goodwin",TRK-42563,Delivered
HPO22_8-S1,HPO22_8,2024-07-04,2024-07-10,"Leonard, Snyder and White",TRK-62441,Delayed
HPO22_8-S2,HPO22_8,2024-06-06,2024-06-23,Francis-Kim,TRK-27823,Delivered
HPO22_9-S1,HPO22_9,2024-07-31,2024-09-07,Hawkins and Sons,TRK-50714,Delayed
HPO22_9-S2,HPO22_9,2024-08-18,2024-08-26,Harvey-Macias,TRK-68843,Delivered
HPO22_10-S1,HPO22_10,2024-07-06,2024-07-19,Sullivan PLC,TRK-38952,Delivered
HPO22_10-S2,HPO22_10,2024-06-21,2024-07-13,Odonnell Group,TRK-51595,Delivered
HPO22_11-S1,HPO22_11,2025-02-26,2025-03-15,James-Phillips,TRK-73074,Delivered
HPO22_11-S2,HPO22_11,2025-03-11,2025-03-13,Schultz-Anderson,TRK-24123,Delivered
HPO22_12-S1,HPO22_12,2024-11-21,2024-12-29,"Ochoa, Burnett and Taylor",TRK-18959,Delayed
HPO22_13-S1,HPO22_13,2024-11-29,2024-12-05,Rodriguez-Nichols,TRK-92753,Delayed
HPO23_1-S1,HPO23_1,2025-03-26,2025-04-01,"Goodman, Weaver and Cabrera",TRK-60768,Delivered
HPO23_2-S1,HPO23_2,2024-12-09,2024-12-11,"Wells, Scott and Stevens",TRK-79456,Delayed
HPO23_3-S1,HPO23_3,2025-01-21,2025-01-29,Little-Smith,TRK-82947,Delivered
HPO23_3-S2,HPO23_3,2025-01-25,2025-02-12,Butler and Sons,TRK-09508,Delayed
HPO23_4-S1,HPO23_4,2025-01-07,2025-01-13,"Martinez, Glass and Thomas",TRK-58788,Delivered
HPO23_5-S1,HPO23_5,2025-05-06,2025-05-17,Gutierrez and Sons,TRK-49201,Delivered
HPO23_6-S1,HPO23_6,2024-07-25,2024-07-27,White-Grant,TRK-07504,Delivered
HPO23_6-S2,HPO23_6,2024-07-24,2024-08-06,Taylor-Roach,TRK-67515,Delivered
HPO23_7-S1,HPO23_7,2025-04-16,2025-04-28,"Flores, Vincent and Smith",TRK-92453,Delivered
HPO23_8-S1,HPO23_8,2025-04-13,2025-04-16,"Mendoza, Walker and Morgan",TRK-60041,Delivered
HPO23_8-S2,HPO23_8,2025-04-26,2025-05-02,Potter Inc,TRK-01250,Delayed
HPO23_9-S1,HPO23_9,2025-01-05,2025-01-27,Stewart-Austin,TRK-77008,Delivered
HPO23_9-S2,HPO23_9,2025-01-16,2025-02-06,Jones-Garrison,TRK-66869,Delivered
HPO23_10-S1,HPO23_10,2024-05-31,2024-06-02,Peck PLC,TRK-16451,Delivered
HPO23_11-S1,HPO23_11,2024-08-12,2024-08-18,"Robinson, Mitchell and Contreras",TRK-59136,Delivered
HPO23_12-S1,HPO23_12,2024-09-25,2024-10-05,Peters-Duran,TRK-67756,Delivered
HPO23_12-S2,HPO23_12,2024-09-29,2024-10-05,Thomas Ltd,TRK-93046,Delivered
HPO23_13-S1,HPO23_13,2024-10-10,2024-10-20,Hendrix-Perez,TRK-21116,Delivered
HPO23_13-S2,HPO23_13,2024-10-18,2024-11-03,Zhang LLC,TRK-62269,Delayed
HPO23_14-S1,HPO23_14,2025-01-21,2025-01-26,Hudson-Alexander,TRK-23175,Delivered
HPO23_15-S1,HPO23_15,2024-11-19,2024-12-06,Jones-Rosales,TRK-29977,Delivered
HPO23_15-S2,HPO23_15,2024-12-05,2024-12-17,Salazar-Campos,TRK-19884,Delayed
HPO23_16-S1,HPO23_16,2024-09-08,2024-09-23,"Gilbert, Newton and Wilson",TRK-04112,Delivered
HPO23_16-S2,HPO23_16,2024-09-01,2024-09-27,Stanley Inc,TRK-55941,Delivered
HPO23_17-S1,HPO23_17,2025-02-19,2025-02-25,Jennings-Roberts,TRK-79296,Delivered
HPO23_18-S1,HPO23_18,2025-02-16,2025-02-26,"Lee, Gibson and Matthews",TRK-19332,Delayed
HPO23_19-S1,HPO23_19,2025-01-28,2025-02-05,York Ltd,TRK-54323,Delivered
HPO23_20-S1,HPO23_20,2025-05-06,2025-05-20,Bond LLC,TRK-94975,Delivered
HPO24_1-S1,HPO24_1,2024-08-31,2024-09-02,Williams-Payne,TRK-62240,Delivered
HPO24_2-S1,HPO24_2,2025-02-25,2025-03-04,Miranda Group,TRK-53015,Delayed
HPO24_3-S1,HPO24_3,2024-09-08,2024-09-17,"Henry, Hawkins and Dean",TRK-93047,Delivered
HPO24_3-S2,HPO24_3,2024-09-02,2024-09-12,"Vargas, Baker and Hernandez",TRK-73605,Delivered
HPO24_4-S1,HPO24_4,2025-02-24,2025-04-02,Day-Fry,TRK-81607,Delivered
HPO24_5-S1,HPO24_5,2025-03-01,2025-03-04,"Torres, Stephenson and Dalton",TRK-43770,Delivered
HPO24_6-S1,HPO24_6,2025-03-29,2025-04-12,Humphrey-White,TRK-48159,Delivered
HPO24_7-S1,HPO24_7,2024-12-25,2025-01-06,"Hull, Smith and Duncan",TRK-96436,Delivered
HPO24_7-S2,HPO24_7,2024-12-26,2025-01-14,Watkins-Boyd,TRK-63467,Delivered
HPO24_8-S1,HPO24_8,2024-09-01,2024-09-13,Gutierrez-Powers,TRK-25121,Delayed
HPO24_9-S1,HPO24_9,2024-08-01,2024-08-20,Rodriguez-Crawford,TRK-77811,Delivered
HPO24_10-S1,HPO24_10,2025-01-24,2025-03-05,Graham Group,TRK-55315,Delayed
HPO24_11-S1,HPO24_11,2025-01-24,2025-02-04,Brown Inc,TRK-73785,Delivered
HPO24_11-S2,HPO24_11,2025-03-01,2025-03-08,Hicks-Ponce,TRK-71474,Delivered
HPO24_12-S1,HPO24_12,2024-06-09,2024-06-24,Frank-Smith,TRK-60216,Delivered
HPO24_13-S1,HPO24_13,2025-05-01,2025-05-11,Malone-Hall,TRK-43724,Delivered
HPO24_13-S2,HPO24_13,2025-05-03,2025-05-07,"Little, Williams and Williams",TRK-94904,Delivered
HPO25_1-S1,HPO25_1,2024-09-21,2024-09-22,"Acosta, Lawrence and Williams",TRK-72531,Delivered
HPO25_2-S1,HPO25_2,2024-06-05,2024-06-12,Torres PLC,TRK-08094,Delivered
HPO25_3-S1,HPO25_3,2024-12-26,2025-01-15,"Clark, Vargas and Bush",TRK-56435,Delivered
HPO25_4-S1,HPO25_4,2024-08-27,2024-08-31,"Hill, Steele and Austin",TRK-54324,Delayed
HPO25_4-S2,HPO25_4,2024-08-23,2024-08-28,Wright and Sons,TRK-64257,Delivered
HPO25_5-S1,HPO25_5,2024-08-09,2024-08-14,Jones-Owens,TRK-38556,Delayed
HPO25_6-S1,HPO25_6,2024-11-19,2024-12-03,"Cobb, Hoffman and Farley",TRK-61939,Delivered
HPO25_6-S2,HPO25_6,2024-11-12,2024-12-08,Hicks-Jones,TRK-81647,Delayed
HPO25_7-S1,HPO25_7,2025-05-02,2025-05-08,Duarte LLC,TRK-06650,Delivered
HPO25_8-S1,HPO25_8,2024-09-02,2024-09-05,"Thompson, Baker and Ruiz",TRK-03680,Delivered
HPO25_9-S1,HPO25_9,2025-04-23,2025-05-04,Holden and Sons,TRK-81900,Delivered
HPO25_10-S1,HPO25_10,2025-03-20,2025-04-21,Fernandez-Brown,TRK-72630,Delayed
HPO25_11-S1,HPO25_11,2024-08-21,2024-08-26,"Smith, Stevens and Porter",TRK-77946,Delayed
HPO25_12-S1,HPO25_12,2024-06-29,2024-06-30,"Perkins, Allen and Gutierrez",TRK-94568,Delivered
HPO25_13-S1,HPO25_13,2025-04-30,2025-05-12,"Jenkins, Bradford and Krueger",TRK-82833,Delivered
HPO25_13-S2,HPO25_13,2025-04-28,2025-05-02,Andrews Inc,TRK-32853,Delivered
HPO25_14-S1,HPO25_14,2025-01-05,2025-01-09,Long-Leonard,TRK-27268,Delayed
HPO25_14-S2,HPO25_14,2024-12-13,2025-01-11,Black-Mathews,TRK-16744,Delayed
HPO25_15-S1,HPO25_15,2025-03-02,2025-03-10,Orozco-Cross,TRK-09729,Delivered
HPO25_16-S1,HPO25_16,2024-10-19,2024-10-28,Bell-Johnson,TRK-64735,Delivered
HPO26_1-S1,HPO26_1,2025-02-16,2025-02-20,Harvey Group,TRK-55980,Delivered
HPO26_2-S1,HPO26_2,2024-07-12,2024-07-17,Cole-Porter,TRK-97669,Delivered
HPO26_3-S1,HPO26_3,2025-01-13,2025-01-24,"Mack, Jordan and Collins",TRK-80452,Delivered
HPO26_4-S1,HPO26_4,2025-02-19,2025-02-23,Mathis Inc,TRK-34776,Delivered
HPO26_5-S1,HPO26_5,2025-01-03,2025-01-12,Soto Ltd,TRK-90864,Delayed
HPO26_6-S1,HPO26_6,2025-05-11,2025-05-19,Brown-Fisher,TRK-75449,Delayed
HPO26_6-S2,HPO26_6,2025-04-22,2025-05-07,Castillo PLC,TRK-25330,Delivered
HPO26_7-S1,HPO26_7,2024-09-03,2024-09-08,"Sullivan, Zamora and Palmer",TRK-45651,Delayed
HPO26_7-S2,HPO26_7,2024-08-16,2024-08-23,Martin Group,TRK-53446,Delivered
HPO26_8-S1,HPO26_8,2024-08-20,2024-08-31,Rangel-Carroll,TRK-70367,Delivered
HPO26_9-S1,HPO26_9,2025-03-30,2025-04-08,Stewart-Cobb,TRK-37643,Delivered
HPO26_9-S2,HPO26_9,2025-04-04,2025-04-08,Mora-Contreras,TRK-97499,Delivered
HPO26_10-S1,HPO26_10,2024-12-20,2024-12-25,Allison-Thompson,TRK-88992,Delivered
HPO26_11-S1,HPO26_11,2024-11-18,2024-11-25,Williams LLC,TRK-07978,Delivered
HPO26_11-S2,HPO26_11,2024-11-27,2024-11-29,Edwards-Edwards,TRK-93825,Delivered
HPO26_12-S1,HPO26_12,2024-09-10,2024-09-20,Strong PLC,TRK-56301,Delivered
HPO27_1-S1,HPO27_1,2024-11-29,2024-12-21,"Contreras, Wilson and Brown",TRK-53374,Delayed
HPO27_2-S1,HPO27_2,2025-05-13,2025-06-12,"Guerrero, Morris and Bennett",TRK-79772,Delayed
HPO27_2-S2,HPO27_2,2025-05-25,2025-06-06,"Jones, Smith and Rodriguez",TRK-15589,Delivered
HPO27_3-S1,HPO27_3,2025-03-10,2025-03-29,Young Group,TRK-50184,Delivered
HPO27_4-S1,HPO27_4,2024-08-26,2024-09-01,"Reid, Deleon and Gibson",TRK-80711,Delayed
HPO27_5-S1,HPO27_5,2024-09-17,2024-09-25,"Ball, Hill and Garcia",TRK-85828,Delayed
HPO27_5-S2,HPO27_5,2024-09-05,2024-09-25,Lane Inc,TRK-29832,Delayed
HPO27_6-S1,HPO27_6,2025-02-12,2025-02-13,"Baker, Pollard and Cruz",TRK-41451,Delivered
HPO27_7-S1,HPO27_7,2024-09-11,2024-09-15,"Washington, Pierce and Fisher",TRK-92799,Delayed
HPO27_7-S2,HPO27_7,2024-09-06,2024-09-18,Lyons-Robinson,TRK-24345,Delayed
HPO27_8-S1,HPO27_8,2025-04-03,2025-04-20,Sawyer Ltd,TRK-48486,Delivered
HPO27_9-S1,HPO27_9,2024-10-16,2024-10-19,"Soto, Ross and Ross",TRK-93237,Delayed
HPO27_10-S1,HPO27_10,2025-05-02,2025-05-11,"Alvarado, Walker and Lee",TRK-36761,Delivered
HPO27_10-S2,HPO27_10,2025-05-24,2025-06-01,"Boyd, Booker and Clay",TRK-28994,Delivered
HPO27_11-S1,HPO27_11,2025-05-28,2025-05-29,Rodriguez PLC,TRK-21696,Delivered
HPO27_11-S2,HPO27_11,2025-04-24,2025-04-25,"Smith, Ballard and Rivers",TRK-73454,Delivered
HPO27_12-S1,HPO27_12,2024-11-25,2024-12-01,Barber Group,TRK-43594,Delivered
HPO27_13-S1,HPO27_13,2024-06-19,2024-07-17,"Mcmillan, Briggs and Green",TRK-85208,Delayed
HPO27_14-S1,HPO27_14,2025-02-23,2025-03-19,Pittman-Warner,TRK-09241,Delivered
HPO27_15-S1,HPO27_15,2024-06-23,2024-07-18,Thomas-Ryan,TRK-83196,Delivered
HPO27_15-S2,HPO27_15,2024-07-19,2024-08-09,Marshall Group,TRK-58303,Delayed
HPO28_1-S1,HPO28_1,2025-04-24,2025-04-29,"Willis, Vega and Parsons",TRK-71601,Delivered
HPO28_2-S1,HPO28_2,2024-06-07,2024-06-29,"Vargas, Ferrell and Mack",TRK-04899,Delivered
HPO28_3-S1,HPO28_3,2024-12-13,2024-12-22,"Palmer, Romero and Nelson",TRK-93243,Delayed
HPO28_4-S1,HPO28_4,2024-12-19,2025-01-10,Murray LLC,TRK-94857,Delivered
HPO28_4-S2,HPO28_4,2024-12-21,2025-01-27,Fox-Kennedy,TRK-77386,Delivered
HPO28_5-S1,HPO28_5,2025-01-02,2025-01-11,Michael-King,TRK-38287,Delivered
HPO28_6-S1,HPO28_6,2024-11-25,2024-12-24,"Potts, Reyes and White",TRK-85874,Delayed
HPO28_7-S1,HPO28_7,2025-03-28,2025-04-09,Williams LLC,TRK-65323,Delivered
HPO28_7-S2,HPO28_7,2025-03-01,2025-04-19,"Henry, West and Fowler",TRK-26313,Delayed
HPO28_8-S1,HPO28_8,2024-08-29,2024-09-25,"Anderson, Allen and Everett",TRK-86503,Delivered
HPO28_8-S2,HPO28_8,2024-08-17,2024-09-10,"Stephens, Quinn and Alvarez",TRK-96422,Delivered
HPO28_9-S1,HPO28_9,2025-05-06,2025-05-10,Roberts-Smith,TRK-92437,Delivered
HPO28_10-S1,HPO28_10,2024-08-06,2024-09-06,"Estes, Williamson and Moran",TRK-02067,Delivered
HPO28_11-S1,HPO28_11,2024-10-21,2024-10-26,Duncan-Rhodes,TRK-89885,Delivered
HPO28_11-S2,HPO28_11,2024-10-11,2024-10-27,Nunez-Nelson,TRK-92494,Delivered
HPO28_12-S1,HPO28_12,2024-12-01,2024-12-02,Peterson-Smith,TRK-65614,Delivered
HPO28_12-S2,HPO28_12,2024-12-03,2024-12-15,Floyd PLC,TRK-27108,Delivered
HPO28_13-S1,HPO28_13,2025-02-11,2025-02-16,Campos-Brown,TRK-21538,Delayed
HPO28_14-S1,HPO28_14,2024-06-20,2024-07-27,Hebert-Friedman,TRK-35520,Delayed
HPO28_15-S1,HPO28_15,2025-03-07,2025-03-22,Ellis-Booth,TRK-15733,Delayed
HPO28_16-S1,HPO28_16,2024-08-10,2024-08-30,Dunn Group,TRK-97851,Delivered
HPO28_17-S1,HPO28_17,2024-07-21,2024-07-26,Bridges-Leonard,TRK-41441,Delivered
HPO28_18-S1,HPO28_18,2025-03-27,2025-04-28,"Davis, Mcdowell and Wood",TRK-14694,Delivered
HPO28_19-S1,HPO28_19,2025-05-24,2025-05-29,Castaneda-Roman,TRK-04158,Delayed
HPO29_1-S1,HPO29_1,2025-03-06,2025-03-24,"James, Henderson and Hill",TRK-89083,Delayed
HPO29_2-S1,HPO29_2,2024-08-09,2024-08-15,Morales-Williams,TRK-39995,Delayed
HPO29_3-S1,HPO29_3,2025-04-08,2025-04-10,Smith-Silva,TRK-53811,Delivered
HPO29_4-S1,HPO29_4,2024-09-05,2024-09-30,"Castillo, Smith and Pena",TRK-80840,Delayed
HPO29_5-S1,HPO29_5,2024-07-18,2024-07-29,"Sellers, Lopez and Schmitt",TRK-35275,Delayed
HPO29_6-S1,HPO29_6,2025-02-27,2025-03-01,Sanders-Rivera,TRK-91692,Delivered
HPO29_7-S1,HPO29_7,2024-08-23,2024-09-12,"Barnes, Charles and Sanders",TRK-76708,Delivered
HPO29_7-S2,HPO29_7,2024-09-08,2024-09-13,Walker-York,TRK-93200,Delivered
HPO29_8-S1,HPO29_8,2024-12-24,2025-01-22,"Clark, Bates and Carter",TRK-00178,Delayed
HPO29_9-S1,HPO29_9,2025-02-12,2025-02-15,Trevino Inc,TRK-23628,Delivered
HPO29_9-S2,HPO29_9,2025-01-17,2025-01-20,Castro PLC,TRK-26019,Delivered
HPO29_10-S1,HPO29_10,2024-11-01,2024-11-29,Gates-Chaney,TRK-19437,Delivered
HPO29_11-S1,HPO29_11,2024-07-14,2024-08-14,Wilson-Wiggins,TRK-44575,Delayed
HPO29_12-S1,HPO29_12,2025-05-19,2025-05-31,Griffin Group,TRK-63746,Delivered
HPO29_13-S1,HPO29_13,2024-08-12,2024-08-29,"Ruiz, Garcia and Hicks",TRK-16438,Delayed
HPO29_13-S2,HPO29_13,2024-08-21,2024-08-27,Adkins-Miller,TRK-25247,Delayed
HPO29_14-S1,HPO29_14,2024-11-29,2024-12-07,Smith-Wilson,TRK-53855,Delayed
HPO29_14-S2,HPO29_14,2024-11-15,2024-11-24,Johnson PLC,TRK-80458,Delivered
HPO29_15-S1,HPO29_15,2025-05-14,2025-05-17,Rogers PLC,TRK-10719,Delivered
HPO29_16-S1,HPO29_16,2024-12-22,2025-01-17,Knight Ltd,TRK-62638,Delivered
HPO29_17-S1,HPO29_17,2025-03-14,2025-03-23,"Mcdaniel, Delgado and Lewis",TRK-41366,Delivered
HPO29_18-S1,HPO29_18,2024-11-23,2024-11-27,Murphy-Richardson,TRK-99672,Delivered
HPO29_18-S2,HPO29_18,2024-11-20,2024-11-23,"Johnson, Salas and Spencer",TRK-10026,Delivered
HPO29_19-S1,HPO29_19,2024-10-12,2024-11-11,White-Snyder,TRK-66745,Delivered
HPO30_1-S1,HPO30_1,2025-01-04,2025-02-03,"Mays, James and White",TRK-21385,Delivered
HPO30_2-S1,HPO30_2,2024-10-06,2024-10-15,Tapia-Dixon,TRK-71963,Delivered
HPO30_3-S1,HPO30_3,2025-02-27,2025-04-10,Bailey Ltd,TRK-64472,Delayed
HPO30_3-S2,HPO30_3,2025-03-09,2025-04-04,"Warren, Davis and Maynard",TRK-99356,Delivered
HPO30_4-S1,HPO30_4,2025-04-09,2025-04-23,Mccall and Sons,TRK-97014,Delivered
HPO30_4-S2,HPO30_4,2025-04-09,2025-04-19,"Rodriguez, Thomas and Torres",TRK-64643,Delivered
HPO30_5-S1,HPO30_5,2024-10-02,2024-11-10,Hall Ltd,TRK-63581,Delayed
HPO30_5-S2,HPO30_5,2024-10-21,2024-11-05,Obrien-Schroeder,TRK-04323,Delivered
HPO30_6-S1,HPO30_6,2024-08-20,2024-08-26,"Brown, Ford and Morris",TRK-63807,Delayed
HPO30_7-S1,HPO30_7,2025-01-11,2025-01-12,Randall-Holden,TRK-45798,Delivered
HPO30_8-S1,HPO30_8,2024-09-23,2024-09-25,Olson Ltd,TRK-57620,Delivered
HPO30_9-S1,HPO30_9,2024-12-12,2025-01-10,Cox and Sons,TRK-42672,Delivered
HPO30_10-S1,HPO30_10,2024-11-22,2024-12-11,Zimmerman PLC,TRK-15831,Delivered
HPO30_11-S1,HPO30_11,2024-06-17,2024-07-03,King Group,TRK-73073,Delivered
HPO30_11-S2,HPO30_11,2024-07-01,2024-07-03,Johnson Inc,TRK-02486,Delivered
HPO30_12-S1,HPO30_12,2025-01-03,2025-01-24,"Durham, Gill and Newman",TRK-90519,Delayed
HPO30_13-S1,HPO30_13,2025-05-07,2025-05-08,Adams-Tran,TRK-55792,Delivered
HPO30_14-S1,HPO30_14,2024-09-25,2024-09-30,Taylor-Castro,TRK-05594,Delivered
HPO31_1-S1,HPO31_1,2024-09-15,2024-09-27,Williams-Mason,TRK-56329,Delivered
HPO31_2-S1,HPO31_2,2024-07-19,2024-08-02,Contreras-Morton,TRK-18550,Delivered
HPO31_2-S2,HPO31_2,2024-07-04,2024-08-10,Campbell PLC,TRK-39166,Delayed
HPO31_3-S1,HPO31_3,2025-04-21,2025-05-05,Garcia PLC,TRK-70659,Delivered
HPO31_4-S1,HPO31_4,2024-12-24,2025-01-05,Espinoza PLC,TRK-75519,Delayed
HPO31_5-S1,HPO31_5,2024-12-30,2025-01-13,Bennett-Johnson,TRK-83000,Delivered
HPO31_6-S1,HPO31_6,2024-08-27,2024-10-03,Murphy-Young,TRK-52975,Delayed
HPO31_7-S1,HPO31_7,2025-02-15,2025-02-22,"Turner, Wright and Tanner",TRK-72258,Delayed
HPO31_8-S1,HPO31_8,2024-08-14,2024-08-30,Alexander Group,TRK-69114,Delivered
HPO31_8-S2,HPO31_8,2024-09-20,2024-09-24,"Fisher, Phillips and Young",TRK-08665,Delivered
HPO31_9-S1,HPO31_9,2024-07-10,2024-07-29,Garza-Mata,TRK-74983,Delivered
HPO31_10-S1,HPO31_10,2025-05-22,2025-05-26,Montgomery-Armstrong,TRK-74050,Delayed
HPO31_11-S1,HPO31_11,2025-03-20,2025-04-01,Nelson-Graves,TRK-75903,Delivered
HPO31_12-S1,HPO31_12,2024-11-22,2024-11-24,"Austin, Walton and Johnson",TRK-78329,Delivered
HPO31_13-S1,HPO31_13,2025-05-17,2025-05-25,"Ryan, Murray and Smith",TRK-46188,Delayed
HPO31_14-S1,HPO31_14,2025-02-16,2025-03-04,"Bennett, Hayden and Hamilton",TRK-63466,Delivered
HPO31_15-S1,HPO31_15,2025-02-20,2025-03-05,"French, Serrano and Porter",TRK-44137,Delivered
HPO31_15-S2,HPO31_15,2025-01-29,2025-02-16,"Leach, Sparks and Phelps",TRK-41054,Delivered
HPO32_1-S1,HPO32_1,2024-07-20,2024-08-17,Oconnor-Gonzalez,TRK-29905,Delayed
HPO32_2-S1,HPO32_2,2024-12-31,2025-01-31,Carter-Daniel,TRK-15256,Delivered
HPO32_2-S2,HPO32_2,2025-01-06,2025-01-13,Nunez PLC,TRK-83996,Delivered
HPO32_3-S1,HPO32_3,2025-01-29,2025-02-10,"Johnson, Morales and Ortega",TRK-03548,Delivered
HPO32_4-S1,HPO32_4,2024-09-02,2024-09-12,Tran and Sons,TRK-68311,Delivered
HPO32_4-S2,HPO32_4,2024-09-28,2024-10-02,Smith-May,TRK-70248,Delivered
HPO32_5-S1,HPO32_5,2024-10-22,2024-11-23,Cook-Black,TRK-39079,Delayed
HPO32_6-S1,HPO32_6,2024-08-18,2024-08-23,"Johnston, Johnson and Pena",TRK-38490,Delivered
HPO32_7-S1,HPO32_7,2024-10-13,2024-10-15,Mejia-Lewis,TRK-80957,Delivered
HPO32_7-S2,HPO32_7,2024-10-10,2024-10-18,"Bradley, Curry and Wood",TRK-84835,Delivered
HPO32_8-S1,HPO32_8,2025-02-05,2025-02-28,Mccoy Ltd,TRK-65624,Delivered
HPO32_8-S2,HPO32_8,2025-03-04,2025-03-06,Calderon-Edwards,TRK-11678,Delayed
HPO32_9-S1,HPO32_9,2024-09-17,2024-09-20,"Wheeler, Jones and Medina",TRK-67599,Delivered
HPO32_9-S2,HPO32_9,2024-09-15,2024-09-23,Humphrey-Lee,TRK-36842,Delivered
HPO32_10-S1,HPO32_10,2025-04-03,2025-04-18,Butler Inc,TRK-98262,Delayed
HPO32_11-S1,HPO32_11,2024-07-07,2024-07-10,Kim-Meyer,TRK-34092,Delivered
HPO32_12-S1,HPO32_12,2024-09-25,2024-10-01,Weber Group,TRK-18494,Delayed
HPO32_12-S2,HPO32_12,2024-08-23,2024-08-28,Bolton Group,TRK-59746,Delivered
HPO32_13-S1,HPO32_13,2024-09-16,2024-09-23,"Adams, Trevino and Perez",TRK-99253,Delivered
HPO32_14-S1,HPO32_14,2025-03-04,2025-03-12,Oconnor LLC,TRK-44381,Delayed
HPO32_14-S2,HPO32_14,2025-03-03,2025-03-11,"Simpson, Blair and Wilson",TRK-46321,Delivered
HPO32_15-S1,HPO32_15,2024-10-04,2024-10-16,"Lee, Dean and Cook",TRK-48624,Delivered
HPO32_16-S1,HPO32_16,2024-08-12,2024-08-27,"Silva, Horn and Baker",TRK-17003,Delivered
HPO33_1-S1,HPO33_1,2024-12-20,2024-12-31,Brooks-Dixon,TRK-45242,Delayed
HPO33_2-S1,HPO33_2,2025-03-16,2025-03-23,Montgomery LLC,TRK-06690,Delayed
HPO33_3-S1,HPO33_3,2025-01-14,2025-01-18,Padilla and Sons,TRK-17747,Delivered
HPO33_4-S1,HPO33_4,2025-01-07,2025-02-06,Smith-Bridges,TRK-54307,Delayed
HPO33_5-S1,HPO33_5,2024-10-13,2024-11-11,"Collins, Perez and Robinson",TRK-06025,Delayed
HPO33_5-S2,HPO33_5,2024-10-10,2024-10-29,"Scott, Williams and Anderson",TRK-28400,Delivered
HPO33_6-S1,HPO33_6,2025-01-01,2025-01-11,Morris PLC,TRK-53032,Delayed
HPO33_6-S2,HPO33_6,2025-01-04,2025-01-13,"Love, Nguyen and Thompson",TRK-70317,Delayed
HPO33_7-S1,HPO33_7,2025-05-17,2025-05-18,Hunter LLC,TRK-42159,Delivered
HPO33_7-S2,HPO33_7,2025-05-17,2025-05-25,Johnson-Green,TRK-80712,Delayed
HPO33_8-S1,HPO33_8,2025-05-06,2025-05-24,Hill-Johnson,TRK-48995,Delayed
HPO33_9-S1,HPO33_9,2024-08-27,2024-09-13,Murray-Smith,TRK-45305,Delivered
HPO33_10-S1,HPO33_10,2025-05-25,2025-05-29,"Davis, Sandoval and Herring",TRK-06353,Delivered
HPO33_11-S1,HPO33_11,2024-05-29,2024-06-09,Watkins-Allen,TRK-61782,Delivered
HPO33_11-S2,HPO33_11,2024-06-13,2024-07-02,Mclaughlin-Merritt,TRK-94110,Delayed
HPO33_12-S1,HPO33_12,2025-03-27,2025-04-04,Chase-Valencia,TRK-05412,Delayed
HPO33_13-S1,HPO33_13,2024-11-29,2024-12-12,"Martinez, Rivera and Evans",TRK-48331,Delivered
HPO33_14-S1,HPO33_14,2024-08-18,2024-08-26,"Turner, Robinson and Joyce",TRK-41713,Delayed
HPO33_14-S2,HPO33_14,2024-07-30,2024-07-31,Hill-Sandoval,TRK-86316,Delivered
HPO33_15-S1,HPO33_15,2025-02-18,2025-02-20,Perry-Smith,TRK-65426,Delivered
HPO33_15-S2,HPO33_15,2025-02-04,2025-02-09,Torres-Love,TRK-51632,Delivered
HPO33_16-S1,HPO33_16,2025-02-16,2025-02-20,Harrison-Thomas,TRK-99004,Delivered
HPO33_17-S1,HPO33_17,2025-02-01,2025-02-15,Mendoza-Lowery,TRK-72134,Delivered
HPO34_1-S1,HPO34_1,2024-09-27,2024-09-28,Espinoza-Mclaughlin,TRK-01730,Delivered
HPO34_1-S2,HPO34_1,2024-08-22,2024-09-20,"Luna, Shaw and Peterson",TRK-37068,Delivered
HPO34_2-S1,HPO34_2,2024-10-12,2024-10-18,"Lewis, Hensley and Nguyen",TRK-43866,Delivered
HPO34_3-S1,HPO34_3,2025-02-13,2025-02-15,"Hernandez, Higgins and Rodriguez",TRK-07641,Delayed
HPO34_4-S1,HPO34_4,2025-04-16,2025-04-19,Haynes-Davis,TRK-32036,Delivered
HPO34_4-S2,HPO34_4,2025-04-03,2025-04-08,Hall and Sons,TRK-38830,Delivered
HPO34_5-S1,HPO34_5,2024-10-16,2024-11-01,Charles-Nelson,TRK-40450,Delivered
HPO34_6-S1,HPO34_6,2025-03-05,2025-03-13,"Gonzalez, Osborne and Gonzalez",TRK-51626,Delivered
HPO34_6-S2,HPO34_6,2025-04-15,2025-04-17,"Snyder, Johnson and Rodriguez",TRK-50147,Delivered
HPO34_7-S1,HPO34_7,2024-09-22,2024-09-27,Garcia-Smith,TRK-26874,Delivered
HPO34_8-S1,HPO34_8,2024-10-13,2024-10-24,Wilson-Reed,TRK-07827,Delayed
HPO34_8-S2,HPO34_8,2024-09-24,2024-10-07,Mccoy and Sons,TRK-93233,Delivered
HPO34_9-S1,HPO34_9,2024-09-23,2024-09-24,Lee PLC,TRK-17568,Delivered
HPO34_9-S2,HPO34_9,2024-09-07,2024-09-30,Bray-Jones,TRK-00366,Delayed
HPO34_10-S1,HPO34_10,2025-02-18,2025-03-18,Heath and Sons,TRK-13796,Delivered
HPO34_10-S2,HPO34_10,2025-03-05,2025-03-09,"Freeman, Carr and Hobbs",TRK-40755,Delivered
HPO34_11-S1,HPO34_11,2025-03-25,2025-04-25,"Kelley, Morgan and Stewart",TRK-52975,Delivered
HPO34_12-S1,HPO34_12,2024-05-30,2024-06-04,Singleton-Lee,TRK-87337,Delivered
HPO34_12-S2,HPO34_12,2024-05-17,2024-06-03,"Davis, Day and Kennedy",TRK-56583,Delivered
HPO34_13-S1,HPO34_13,2024-12-29,2025-01-02,"Lamb, Mcdaniel and Guzman",TRK-73490,Delivered
HPO34_14-S1,HPO34_14,2025-05-08,2025-05-30,Morris PLC,TRK-40719,Delayed
HPO35_1-S1,HPO35_1,2024-07-07,2024-07-12,Mcbride Group,TRK-71185,Delayed
HPO35_2-S1,HPO35_2,2025-03-31,2025-04-17,Sanders PLC,TRK-82450,Delayed
HPO35_3-S1,HPO35_3,2024-12-08,2025-01-03,"Sanders, Allen and Molina",TRK-92905,Delivered
HPO35_3-S2,HPO35_3,2025-01-06,2025-01-19,"Hodges, Martin and Mccormick",TRK-04146,Delayed
HPO35_4-S1,HPO35_4,2024-08-22,2024-09-13,"Stevens, Robinson and Phillips",TRK-29305,Delivered
HPO35_5-S1,HPO35_5,2024-09-11,2024-09-16,Anderson PLC,TRK-65661,Delivered
HPO35_6-S1,HPO35_6,2024-12-18,2024-12-29,Davis and Sons,TRK-38238,Delivered
HPO35_7-S1,HPO35_7,2025-02-04,2025-03-15,"Cortez, Duarte and Foster",TRK-69913,Delayed
HPO35_7-S2,HPO35_7,2025-03-03,2025-03-08,Herman LLC,TRK-48882,Delivered
HPO35_8-S1,HPO35_8,2025-05-17,2025-05-21,"Stewart, Brown and Giles",TRK-13432,Delivered
HPO35_9-S1,HPO35_9,2024-12-11,2024-12-24,"Frazier, Smith and Anderson",TRK-75487,Delivered
HPO35_9-S2,HPO35_9,2024-12-18,2024-12-29,Nelson and Sons,TRK-57241,Delivered
HPO35_10-S1,HPO35_10,2025-04-09,2025-04-26,Ward PLC,TRK-94126,Delivered
HPO35_11-S1,HPO35_11,2024-11-02,2024-11-03,"Wyatt, Lynch and Sherman",TRK-40783,Delivered
HPO35_12-S1,HPO35_12,2024-09-24,2024-10-10,"Murray, Romero and Williams",TRK-15842,Delivered
HPO35_13-S1,HPO35_13,2025-03-06,2025-03-16,"Williams, Green and Lynch",TRK-80257,Delivered
HPO35_13-S2,HPO35_13,2025-02-04,2025-03-21,Barnes-Herrera,TRK-08459,Delayed
HPO36_1-S1,HPO36_1,2024-07-26,2024-08-06,"Barron, Cooper and Lopez",TRK-21667,Delivered
HPO36_2-S1,HPO36_2,2025-03-05,2025-03-30,Horton Inc,TRK-32532,Delayed
HPO36_3-S1,HPO36_3,2025-02-09,2025-02-19,Davis and Sons,TRK-34740,Delivered
HPO36_4-S1,HPO36_4,2025-01-24,2025-01-26,Clark-Hall,TRK-28574,Delivered
HPO36_4-S2,HPO36_4,2025-01-18,2025-02-11,"Brown, Lee and Hernandez",TRK-27032,Delivered
HPO36_5-S1,HPO36_5,2024-09-15,2024-09-24,Vaughn-Wilson,TRK-51246,Delayed
HPO36_6-S1,HPO36_6,2025-04-04,2025-04-27,Horton Ltd,TRK-28409,Delivered
HPO36_6-S2,HPO36_6,2025-04-23,2025-05-04,Edwards and Sons,TRK-71414,Delayed
HPO36_7-S1,HPO36_7,2024-10-21,2024-11-03,Morgan Inc,TRK-89811,Delayed
HPO36_8-S1,HPO36_8,2024-07-27,2024-08-06,"Oliver, Walton and Bailey",TRK-49690,Delivered
HPO36_8-S2,HPO36_8,2024-08-03,2024-08-20,Hall-Hunt,TRK-15464,Delivered
HPO36_9-S1,HPO36_9,2025-02-12,2025-03-04,Solis PLC,TRK-50687,Delivered
HPO36_9-S2,HPO36_9,2025-02-17,2025-03-11,Martinez-Butler,TRK-23810,Delayed
HPO36_10-S1,HPO36_10,2025-04-25,2025-05-25,Elliott-Vaughn,TRK-68703,Delivered
HPO36_11-S1,HPO36_11,2024-07-12,2024-07-19,Faulkner-Jackson,TRK-14054,Delivered
HPO36_12-S1,HPO36_12,2024-12-11,2024-12-12,Pitts-Bentley,TRK-25735,Delivered
HPO36_13-S1,HPO36_13,2024-07-28,2024-08-07,"Davis, Taylor and Flores",TRK-63837,Delayed
HPO36_14-S1,HPO36_14,2024-09-21,2024-09-30,Woods-Martinez,TRK-13695,Delayed
HPO36_14-S2,HPO36_14,2024-09-18,2024-09-29,Edwards Ltd,TRK-27967,Delayed
HPO36_15-S1,HPO36_15,2024-08-02,2024-08-06,"Ward, Owens and Rogers",TRK-10335,Delivered
HPO36_16-S1,HPO36_16,2024-06-25,2024-06-27,"Owen, Patterson and Bailey",TRK-29349,Delivered
HPO36_17-S1,HPO36_17,2025-02-25,2025-03-03,Gonzalez Group,TRK-32318,Delivered
HPO36_18-S1,HPO36_18,2024-08-08,2024-08-09,Brown-Serrano,TRK-08067,Delivered
HPO37_1-S1,HPO37_1,2024-10-24,2024-11-03,Shelton Group,TRK-10780,Delivered
HPO37_1-S2,HPO37_1,2024-11-02,2024-11-16,Harris-Davis,TRK-47584,Delivered
HPO37_2-S1,HPO37_2,2024-09-01,2024-09-03,Moore-Hood,TRK-72452,Delayed
HPO37_3-S1,HPO37_3,2025-02-03,2025-02-07,"Bennett, Torres and Cruz",TRK-16980,Delayed
HPO37_4-S1,HPO37_4,2024-06-27,2024-07-01,"Rodriguez, Davis and Martin",TRK-27707,Delivered
HPO37_4-S2,HPO37_4,2024-05-27,2024-06-30,"Anderson, Bullock and Mcmillan",TRK-95424,Delivered
HPO37_5-S1,HPO37_5,2024-11-30,2024-12-25,Perry Inc,TRK-00913,Delivered
HPO37_6-S1,HPO37_6,2024-09-12,2024-09-21,"Davis, Frederick and Hamilton",TRK-41567,Delayed
HPO37_7-S1,HPO37_7,2025-02-02,2025-02-19,Myers-Thomas,TRK-11365,Delivered
HPO37_7-S2,HPO37_7,2025-02-12,2025-02-13,Hawkins-Santiago,TRK-75911,Delivered
HPO37_8-S1,HPO37_8,2025-02-13,2025-02-23,Gomez Group,TRK-79370,Delayed
HPO37_9-S1,HPO37_9,2025-04-13,2025-04-26,Donovan Inc,TRK-07908,Delivered
HPO37_9-S2,HPO37_9,2025-04-14,2025-04-17,"Barnes, Rich and Randolph",TRK-20149,Delivered
HPO37_10-S1,HPO37_10,2024-08-24,2024-10-05,Rivas-Walker,TRK-99642,Delivered
HPO37_10-S2,HPO37_10,2024-09-28,2024-10-10,Jones-Werner,TRK-06360,Delayed
HPO37_11-S1,HPO37_11,2025-01-11,2025-02-02,"Davis, Conley and Evans",TRK-99244,Delivered
HPO37_12-S1,HPO37_12,2025-01-25,2025-02-08,Obrien Inc,TRK-22999,Delivered
HPO37_13-S1,HPO37_13,2024-08-21,2024-09-01,Henson-Hill,TRK-15978,Delivered
HPO37_14-S1,HPO37_14,2025-02-24,2025-04-16,Schroeder LLC,TRK-92153,Delayed
HPO38_1-S1,HPO38_1,2024-07-03,2024-07-19,"Chapman, Lopez and Fitzpatrick",TRK-25890,Delivered
HPO38_1-S2,HPO38_1,2024-07-27,2024-08-02,Mccullough-Campbell,TRK-14527,Delivered
HPO38_2-S1,HPO38_2,2024-07-31,2024-08-16,Cannon-Andrews,TRK-18596,Delayed
HPO38_3-S1,HPO38_3,2025-04-25,2025-05-01,"Flores, Fields and May",TRK-62116,Delayed
HPO38_4-S1,HPO38_4,2024-08-25,2024-09-09,Copeland LLC,TRK-56358,Delivered
HPO38_5-S1,HPO38_5,2024-11-20,2024-12-02,Gutierrez-Cox,TRK-79257,Delivered
HPO38_5-S2,HPO38_5,2024-11-26,2024-11-28,"Hernandez, Dougherty and Odom",TRK-44338,Delivered
HPO38_6-S1,HPO38_6,2025-03-31,2025-04-05,"Davis, Hall and Young",TRK-74907,Delivered
HPO38_6-S2,HPO38_6,2025-04-02,2025-04-26,Hill Group,TRK-25373,Delayed
HPO38_7-S1,HPO38_7,2025-01-04,2025-01-08,"Knight, King and Aguirre",TRK-85877,Delivered
HPO38_7-S2,HPO38_7,2025-01-08,2025-01-12,"Martinez, Phillips and Ball",TRK-77130,Delayed
HPO38_8-S1,HPO38_8,2024-09-03,2024-09-08,Contreras-Bennett,TRK-54731,Delivered
HPO38_9-S1,HPO38_9,2024-10-07,2024-10-17,"Wolfe, Ferguson and Massey",TRK-92906,Delayed
HPO38_10-S1,HPO38_10,2024-07-05,2024-07-27,Hill-Vazquez,TRK-04212,Delivered
HPO38_10-S2,HPO38_10,2024-07-19,2024-07-28,"Jensen, Pruitt and Shaw",TRK-07179,Delivered
HPO38_11-S1,HPO38_11,2025-05-05,2025-05-14,"Taylor, Meyer and Ho",TRK-09975,Delayed
HPO38_11-S2,HPO38_11,2025-04-17,2025-04-29,"Franklin, Thompson and Salinas",TRK-48780,Delivered
HPO38_12-S1,HPO38_12,2024-08-16,2024-08-27,Martinez-Ray,TRK-61566,Delayed
HPO38_13-S1,HPO38_13,2024-11-16,2024-11-21,Perez Ltd,TRK-44384,Delivered
HPO38_14-S1,HPO38_14,2024-08-20,2024-09-09,Martinez-Baker,TRK-31227,Delayed
HPO38_15-S1,HPO38_15,2025-03-19,2025-04-07,Peterson-Allen,TRK-38541,Delivered
HPO38_15-S2,HPO38_15,2025-03-22,2025-04-23,Miller LLC,TRK-18287,Delayed
HPO38_16-S1,HPO38_16,2024-06-23,2024-06-30,"Collins, Williams and Green",TRK-84669,Delivered
HPO38_16-S2,HPO38_16,2024-06-01,2024-06-05,"Ortega, Huffman and Gordon",TRK-30378,Delivered
HPO38_17-S1,HPO38_17,2024-12-07,2024-12-08,Herman and Sons,TRK-64017,Delivered
HPO38_18-S1,HPO38_18,2025-04-18,2025-04-21,Cox PLC,TRK-55156,Delivered
HPO38_19-S1,HPO38_19,2024-10-02,2024-10-19,"Sims, Bailey and Thomas",TRK-46032,Delivered
HPO38_20-S1,HPO38_20,2025-04-11,2025-04-19,Richardson and Sons,TRK-14512,Delivered
HPO38_20-S2,HPO38_20,2025-04-23,2025-04-25,"Guzman, Brown and Douglas",TRK-75913,Delivered
HPO38_21-S1,HPO38_21,2024-08-30,2024-09-09,"Middleton, Smith and Jensen",TRK-34128,Delivered
HPO39_1-S1,HPO39_1,2024-12-25,2024-12-26,Watkins-Ward,TRK-22224,Delivered
HPO39_1-S2,HPO39_1,2024-12-07,2024-12-23,Brady Group,TRK-71773,Delivered
HPO39_2-S1,HPO39_2,2024-11-07,2024-11-24,"Moran, Williamson and Richardson",TRK-25177,Delivered
HPO39_3-S1,HPO39_3,2025-03-14,2025-04-14,Cook PLC,TRK-17654,Delayed
HPO39_4-S1,HPO39_4,2024-07-26,2024-08-06,Ramirez-Jenkins,TRK-56307,Delivered
HPO39_5-S1,HPO39_5,2024-12-27,2024-12-30,Arnold-Smith,TRK-13066,Delivered
HPO39_6-S1,HPO39_6,2024-10-12,2024-10-15,Padilla-Tucker,TRK-06746,Delivered
HPO39_7-S1,HPO39_7,2025-04-15,2025-04-30,"Duran, Lee and Riley",TRK-56838,Delivered
HPO39_8-S1,HPO39_8,2024-07-11,2024-07-24,Ortega-Weber,TRK-17000,Delivered
HPO39_9-S1,HPO39_9,2025-01-18,2025-01-21,Raymond-Allen,TRK-83665,Delivered
HPO39_10-S1,HPO39_10,2024-07-28,2024-07-31,Roberts-Elliott,TRK-83733,Delivered
HPO39_11-S1,HPO39_11,2024-06-04,2024-06-18,"Jackson, Monroe and Mora",TRK-24936,Delivered
HPO39_11-S2,HPO39_11,2024-05-29,2024-06-28,Butler Inc,TRK-55111,Delayed
HPO39_12-S1,HPO39_12,2025-02-01,2025-02-08,"Ellis, Miller and Bentley",TRK-75032,Delayed
HPO39_13-S1,HPO39_13,2025-05-26,2025-06-01,Bentley and Sons,TRK-48708,Delivered
HPO39_14-S1,HPO39_14,2024-12-03,2024-12-29,Browning PLC,TRK-74492,Delivered
HPO39_15-S1,HPO39_15,2024-12-30,2025-01-11,"Garrett, Pearson and Clark",TRK-32852,Delivered
HPO39_16-S1,HPO39_16,2024-11-30,2024-12-26,Everett PLC,TRK-22739,Delivered
HPO39_16-S2,HPO39_16,2024-12-27,2025-01-03,Burke Ltd,TRK-84098,Delayed
HPO39_17-S1,HPO39_17,2025-03-21,2025-03-25,Lyons PLC,TRK-57837,Delayed
HPO39_18-S1,HPO39_18,2025-03-31,2025-04-17,Johnson LLC,TRK-57017,Delayed
HPO39_18-S2,HPO39_18,2025-03-28,2025-04-05,Cook-Rivera,TRK-65107,Delivered
HPO39_19-S1,HPO39_19,2024-12-14,2024-12-18,Garcia and Sons,TRK-32064,Delivered
HPO39_19-S2,HPO39_19,2024-12-14,2024-12-23,"Campos, Jones and Howell",TRK-02783,Delayed
HPO39_20-S1,HPO39_20,2024-06-28,2024-07-03,"Marquez, Smith and Miller",TRK-54306,Delivered
HPO39_21-S1,HPO39_21,2025-04-07,2025-04-10,Ramos-Blake,TRK-57737,Delivered
HPO39_21-S2,HPO39_21,2025-03-23,2025-04-02,Smith-Brown,TRK-73037,Delivered
HPO39_22-S1,HPO39_22,2024-10-31,2024-11-20,George-Ellis,TRK-34062,Delivered
HPO40_1-S1,HPO40_1,2024-12-30,2025-01-13,"Daniel, Chan and Copeland",TRK-08688,Delayed
HPO40_2-S1,HPO40_2,2024-10-08,2024-10-15,"Miller, Zimmerman and Martin",TRK-13594,Delivered
HPO40_3-S1,HPO40_3,2024-12-06,2024-12-18,Ellison-Garza,TRK-61643,Delivered
HPO40_4-S1,HPO40_4,2024-11-06,2024-11-19,Smith LLC,TRK-45144,Delivered
HPO40_4-S2,HPO40_4,2024-10-31,2024-11-17,Medina Inc,TRK-69159,Delivered
HPO40_5-S1,HPO40_5,2024-06-12,2024-07-10,Clayton PLC,TRK-03968,Delivered
HPO40_5-S2,HPO40_5,2024-06-11,2024-07-20,"Bradley, Henson and Gomez",TRK-14628,Delivered
HPO40_6-S1,HPO40_6,2024-09-04,2024-09-14,"Mcdaniel, Flynn and Good",TRK-84206,Delivered
HPO40_7-S1,HPO40_7,2024-10-25,2024-10-30,Davis and Sons,TRK-40478,Delivered
HPO40_8-S1,HPO40_8,2025-04-06,2025-04-09,Moore-Matthews,TRK-83618,Delivered
HPO40_9-S1,HPO40_9,2025-02-02,2025-02-28,"Alexander, Watkins and Rivera",TRK-64171,Delivered
HPO40_9-S2,HPO40_9,2025-02-15,2025-03-01,"Oconnor, Knapp and Knapp",TRK-23731,Delivered
HPO40_10-S1,HPO40_10,2024-12-06,2024-12-23,Weaver PLC,TRK-34272,Delivered
HPO40_11-S1,HPO40_11,2024-07-06,2024-07-08,Miles Ltd,TRK-35779,Delivered
HPO40_12-S1,HPO40_12,2025-03-19,2025-03-20,"Harrison, Rodriguez and Henry",TRK-01775,Delivered
HPO40_13-S1,HPO40_13,2025-01-08,2025-01-22,Tucker-Cook,TRK-48516,Delivered
HPO40_14-S1,HPO40_14,2024-12-02,2024-12-20,"Miller, Willis and Davis",TRK-98995,Delayed
HPO40_14-S2,HPO40_14,2024-11-16,2024-12-18,"Rhodes, Roach and Sloan",TRK-74873,Delayed
HPO40_15-S1,HPO40_15,2024-11-30,2024-12-18,Jennings-Parrish,TRK-67823,Delivered
HPO40_15-S2,HPO40_15,2024-11-26,2024-12-13,Pruitt-Ward,TRK-89886,Delivered
HPO40_16-S1,HPO40_16,2025-03-15,2025-03-17,"Chen, Price and Bartlett",TRK-63277,Delivered
HPO40_16-S2,HPO40_16,2025-03-11,2025-03-27,"Massey, Weeks and Jones",TRK-69945,Delivered
HPO40_17-S1,HPO40_17,2025-04-05,2025-04-12,Norton-Andrade,TRK-72240,Delivered
HPO40_18-S1,HPO40_18,2025-02-18,2025-02-19,"Terrell, Rodriguez and Velasquez",TRK-84955,Delivered
HPO41_1-S1,HPO41_1,2025-03-30,2025-04-05,Harris LLC,TRK-41611,Delivered
HPO41_2-S1,HPO41_2,2024-06-07,2024-06-26,Nguyen Inc,TRK-72528,Delayed
HPO41_3-S1,HPO41_3,2025-03-26,2025-04-20,Harris Inc,TRK-94618,Delayed
HPO41_4-S1,HPO41_4,2025-05-03,2025-05-04,Salinas Ltd,TRK-98769,Delivered
HPO41_4-S2,HPO41_4,2025-05-01,2025-05-11,"Gardner, Robles and Campbell",TRK-90146,Delayed
HPO41_5-S1,HPO41_5,2025-03-05,2025-03-18,"Spencer, Cox and Lozano",TRK-40922,Delayed
HPO41_5-S2,HPO41_5,2025-02-28,2025-03-06,James-Vance,TRK-17303,Delivered
HPO41_6-S1,HPO41_6,2025-04-28,2025-05-07,"Griffin, Owen and Martinez",TRK-91554,Delivered
HPO41_7-S1,HPO41_7,2025-05-01,2025-05-05,Martinez and Sons,TRK-60375,Delivered
HPO41_8-S1,HPO41_8,2024-07-03,2024-08-04,Calderon-Jefferson,TRK-99287,Delivered
HPO41_9-S1,HPO41_9,2024-08-04,2024-08-18,Smith-Mcdowell,TRK-03721,Delivered
HPO41_9-S2,HPO41_9,2024-07-25,2024-08-05,Meyers-Christensen,TRK-10473,Delivered
HPO41_10-S1,HPO41_10,2024-12-06,2024-12-19,Ali-Gould,TRK-92717,Delayed
HPO41_11-S1,HPO41_11,2025-03-12,2025-04-10,"Lewis, Klein and Villegas",TRK-69478,Delayed
HPO41_12-S1,HPO41_12,2024-08-09,2024-08-10,Lara and Sons,TRK-55807,Delivered
HPO41_13-S1,HPO41_13,2024-05-26,2024-05-30,Patterson PLC,TRK-51384,Delivered
HPO41_14-S1,HPO41_14,2025-02-01,2025-02-25,Dean-Holmes,TRK-99571,Delayed
HPO42_1-S1,HPO42_1,2025-01-16,2025-02-27,Marquez-Mcdowell,TRK-08073,Delayed
HPO42_1-S2,HPO42_1,2025-01-22,2025-02-15,"Rangel, Perkins and Tran",TRK-81900,Delivered
HPO42_2-S1,HPO42_2,2024-08-29,2024-09-30,Nelson Group,TRK-07052,Delayed
HPO42_3-S1,HPO42_3,2024-08-16,2024-08-19,Long LLC,TRK-82974,Delivered
HPO42_4-S1,HPO42_4,2024-06-03,2024-06-08,Johnson PLC,TRK-34624,Delivered
HPO42_4-S2,HPO42_4,2024-05-25,2024-06-07,"Spears, Jones and Hensley",TRK-19741,Delivered
HPO42_5-S1,HPO42_5,2025-04-24,2025-04-28,"Fields, Chavez and Gonzalez",TRK-00403,Delayed
HPO42_5-S2,HPO42_5,2025-04-19,2025-04-28,Obrien and Sons,TRK-01117,Delayed
HPO42_6-S1,HPO42_6,2025-02-20,2025-03-01,Johnson and Sons,TRK-25001,Delivered
HPO42_6-S2,HPO42_6,2025-02-23,2025-03-07,"Reed, Ramirez and Reyes",TRK-40497,Delivered
HPO42_7-S1,HPO42_7,2024-08-13,2024-08-28,"Estrada, Brown and Miles",TRK-50793,Delivered
HPO42_7-S2,HPO42_7,2024-08-07,2024-08-08,"Hill, Palmer and Lester",TRK-57500,Delivered
HPO42_8-S1,HPO42_8,2024-07-09,2024-07-16,Carpenter LLC,TRK-89334,Delayed
HPO42_9-S1,HPO42_9,2024-06-10,2024-06-11,"Knox, Harris and Alvarado",TRK-54007,Delivered
HPO42_10-S1,HPO42_10,2025-04-25,2025-05-18,"Lowery, Marquez and Miller",TRK-29134,Delivered
HPO42_10-S2,HPO42_10,2025-05-05,2025-06-06,Becker Inc,TRK-52141,Delivered
HPO42_11-S1,HPO42_11,2024-07-03,2024-07-06,Rowe-Martin,TRK-06140,Delivered
HPO42_12-S1,HPO42_12,2024-07-10,2024-07-29,"Sullivan, Rivera and Morton",TRK-53018,Delayed
HPO42_12-S2,HPO42_12,2024-07-10,2024-07-16,Shelton Ltd,TRK-76607,Delivered
HPO42_13-S1,HPO42_13,2024-06-01,2024-06-18,"Bradley, Richardson and Lee",TRK-76928,Delayed
HPO42_13-S2,HPO42_13,2024-05-31,2024-06-02,Sandoval-Miller,TRK-29229,Delivered
HPO42_14-S1,HPO42_14,2025-03-31,2025-04-03,Gonzalez Ltd,TRK-31371,Delivered
HPO42_15-S1,HPO42_15,2025-01-11,2025-01-21,"Johnson, Young and Smith",TRK-47475,Delayed
HPO42_16-S1,HPO42_16,2025-02-12,2025-02-18,"Hernandez, Parker and Miller",TRK-34711,Delivered
HPO42_17-S1,HPO42_17,2024-07-23,2024-08-09,Roman LLC,TRK-79275,Delayed
HPO42_18-S1,HPO42_18,2025-04-28,2025-05-06,Brown-Petty,TRK-03573,Delivered
HPO42_19-S1,HPO42_19,2024-11-24,2024-12-15,Kim-Brooks,TRK-04084,Delayed
HPO42_19-S2,HPO42_19,2024-11-29,2024-12-04,"Rodriguez, Swanson and Caldwell",TRK-38741,Delivered
HPO42_20-S1,HPO42_20,2024-11-07,2024-11-13,Jackson-Jones,TRK-15477,Delayed
HPO43_1-S1,HPO43_1,2024-08-12,2024-09-12,"Mendoza, Maxwell and Huff",TRK-80163,Delayed
HPO43_1-S2,HPO43_1,2024-09-03,2024-09-09,Bryant-Sims,TRK-51102,Delivered
HPO43_2-S1,HPO43_2,2025-01-13,2025-02-15,Beard Ltd,TRK-23516,Delivered
HPO43_3-S1,HPO43_3,2025-05-04,2025-05-22,Giles-Taylor,TRK-03110,Delivered
HPO43_4-S1,HPO43_4,2024-07-23,2024-08-07,Thompson LLC,TRK-61631,Delivered
HPO43_5-S1,HPO43_5,2024-09-30,2024-10-08,Hubbard-Phillips,TRK-92667,Delayed
HPO43_6-S1,HPO43_6,2024-12-07,2024-12-19,Taylor-Smith,TRK-50949,Delayed
HPO43_7-S1,HPO43_7,2024-09-27,2024-10-24,Jones and Sons,TRK-42588,Delivered
HPO43_7-S2,HPO43_7,2024-10-20,2024-10-21,Burton Group,TRK-72058,Delivered
HPO43_8-S1,HPO43_8,2025-05-12,2025-05-16,Beard and Sons,TRK-86815,Delivered
HPO43_9-S1,HPO43_9,2024-09-15,2024-10-04,Hall Ltd,TRK-13320,Delayed
HPO43_9-S2,HPO43_9,2024-08-30,2024-10-02,Villegas Group,TRK-60439,Delayed
HPO43_10-S1,HPO43_10,2025-04-09,2025-04-16,Melendez Ltd,TRK-74456,Delivered
HPO43_11-S1,HPO43_11,2024-08-22,2024-09-02,Rowe-White,TRK-07365,Delivered
HPO43_12-S1,HPO43_12,2024-09-09,2024-09-23,"Nash, Lee and Jackson",TRK-12222,Delivered
HPO43_13-S1,HPO43_13,2024-06-15,2024-07-09,"Black, Durham and Rodriguez",TRK-44243,Delivered
HPO43_14-S1,HPO43_14,2025-01-02,2025-01-21,"Mendoza, Anderson and Chaney",TRK-58669,Delivered
HPO43_14-S2,HPO43_14,2025-01-10,2025-01-14,Acosta and Sons,TRK-53186,Delivered
HPO43_15-S1,HPO43_15,2025-06-06,2025-06-13,Cohen Group,TRK-12628,Delivered
HPO43_16-S1,HPO43_16,2024-08-07,2024-08-25,"Smith, Pearson and Logan",TRK-15399,Delivered
HPO43_16-S2,HPO43_16,2024-08-14,2024-08-17,Douglas-Tran,TRK-00877,Delivered
HPO43_17-S1,HPO43_17,2024-06-27,2024-07-12,Drake-White,TRK-71720,Delivered
HPO43_18-S1,HPO43_18,2024-07-25,2024-08-12,Jones-Navarro,TRK-81754,Delivered
HPO43_19-S1,HPO43_19,2024-09-22,2024-10-09,"Burton, Torres and Johnson",TRK-21686,Delayed
HPO43_20-S1,HPO43_20,2024-12-25,2025-01-27,Campbell Ltd,TRK-75530,Delivered
HPO44_1-S1,HPO44_1,2024-12-03,2024-12-21,Hill-Everett,TRK-13746,Delivered
HPO44_2-S1,HPO44_2,2024-07-13,2024-07-27,Campbell-Mcdaniel,TRK-13592,Delayed
HPO44_2-S2,HPO44_2,2024-06-21,2024-07-19,Harris Inc,TRK-41043,Delivered
HPO44_3-S1,HPO44_3,2025-03-23,2025-04-04,"Long, Ramos and Munoz",TRK-53862,Delivered
HPO44_3-S2,HPO44_3,2025-03-23,2025-04-19,Krueger Inc,TRK-69776,Delivered
HPO44_4-S1,HPO44_4,2024-09-09,2024-09-16,Barton Ltd,TRK-36216,Delivered
HPO44_4-S2,HPO44_4,2024-08-22,2024-09-20,Berry Ltd,TRK-47759,Delayed
HPO44_5-S1,HPO44_5,2025-04-14,2025-04-17,Howard Inc,TRK-37927,Delivered
HPO44_6-S1,HPO44_6,2024-11-12,2024-12-04,Pitts Ltd,TRK-23406,Delayed
HPO44_6-S2,HPO44_6,2024-11-02,2024-11-15,Anderson-Green,TRK-73867,Delivered
HPO44_7-S1,HPO44_7,2024-07-28,2024-07-30,"Manning, Pope and Hess",TRK-26032,Delivered
HPO44_8-S1,HPO44_8,2025-04-03,2025-04-12,"Beasley, Keller and Travis",TRK-74272,Delivered
HPO44_9-S1,HPO44_9,2025-02-05,2025-03-04,Boone-Mclaughlin,TRK-28650,Delivered
HPO44_10-S1,HPO44_10,2024-06-28,2024-07-09,Swanson PLC,TRK-35331,Delayed
HPO44_11-S1,HPO44_11,2024-11-17,2024-11-18,"Estrada, Rogers and Jones",TRK-19645,Delivered
HPO44_12-S1,HPO44_12,2024-09-28,2024-10-07,Hopkins-Hanson,TRK-52638,Delivered
HPO44_13-S1,HPO44_13,2024-07-21,2024-07-31,Le Inc,TRK-51181,Delivered
HPO44_14-S1,HPO44_14,2025-01-17,2025-02-01,Guzman Ltd,TRK-21466,Delivered
HPO44_15-S1,HPO44_15,2024-08-03,2024-08-07,Robertson and Sons,TRK-71669,Delivered
HPO44_16-S1,HPO44_16,2024-08-09,2024-08-24,"Phillips, Yoder and Thomas",TRK-38182,Delayed
HPO44_17-S1,HPO44_17,2024-11-30,2024-12-01,"Anderson, Webb and Reyes",TRK-56086,Delivered
HPO44_18-S1,HPO44_18,2024-08-17,2024-08-26,Reed Ltd,TRK-79193,Delivered
HPO44_19-S1,HPO44_19,2024-06-29,2024-07-20,Golden-Orr,TRK-95305,Delivered
HPO44_19-S2,HPO44_19,2024-07-05,2024-07-31,Robinson-Weaver,TRK-57464,Delivered
HPO44_20-S1,HPO44_20,2024-06-11,2024-06-26,Cisneros-Bennett,TRK-45756,Delivered
HPO44_20-S2,HPO44_20,2024-06-29,2024-07-11,Johnson Ltd,TRK-41222,Delayed
HPO44_21-S1,HPO44_21,2025-01-23,2025-02-02,Ward PLC,TRK-26789,Delivered
HPO44_22-S1,HPO44_22,2024-08-02,2024-08-23,Ramos-Wright,TRK-39950,Delayed
HPO44_23-S1,HPO44_23,2024-07-24,2024-07-25,Levine and Sons,TRK-69161,Delivered
HPO45_1-S1,HPO45_1,2025-04-28,2025-05-02,Watson-Hayes,TRK-77377,Delayed
HPO45_2-S1,HPO45_2,2024-06-17,2024-07-16,Stokes LLC,TRK-16339,Delayed
HPO45_2-S2,HPO45_2,2024-07-07,2024-07-11,Liu Group,TRK-84564,Delivered
HPO45_3-S1,HPO45_3,2024-08-09,2024-08-15,"Lucero, Holt and Williams",TRK-69654,Delivered
HPO45_4-S1,HPO45_4,2024-09-17,2024-09-22,Jackson-Massey,TRK-71964,Delivered
HPO45_5-S1,HPO45_5,2024-09-15,2024-09-20,Elliott-Fischer,TRK-70652,Delayed
HPO45_6-S1,HPO45_6,2024-08-15,2024-08-25,Martinez PLC,TRK-71838,Delivered
HPO45_6-S2,HPO45_6,2024-08-30,2024-09-01,Cummings-Rogers,TRK-54122,Delivered
HPO45_7-S1,HPO45_7,2024-10-31,2024-11-16,Kline Ltd,TRK-96674,Delivered
HPO45_7-S2,HPO45_7,2024-11-09,2024-11-18,Kim Inc,TRK-24284,Delivered
HPO45_8-S1,HPO45_8,2025-02-21,2025-03-01,Griffin LLC,TRK-40464,Delivered
HPO45_9-S1,HPO45_9,2024-06-22,2024-07-19,Hall-Roberts,TRK-75603,Delivered
HPO45_10-S1,HPO45_10,2024-11-05,2024-11-22,"Taylor, Sullivan and Schultz",TRK-17092,Delivered
HPO45_11-S1,HPO45_11,2025-04-25,2025-05-02,"Weber, Ortega and Elliott",TRK-92776,Delivered
HPO45_11-S2,HPO45_11,2025-05-04,2025-05-16,"Hall, Robinson and York",TRK-98561,Delayed
HPO45_12-S1,HPO45_12,2025-03-13,2025-04-18,"Sullivan, Hughes and Davis",TRK-01256,Delivered
HPO45_12-S2,HPO45_12,2025-03-15,2025-03-16,Montoya Group,TRK-01641,Delivered
HPO45_13-S1,HPO45_13,2025-04-27,2025-05-01,Rogers Inc,TRK-65931,Delivered
HPO45_14-S1,HPO45_14,2024-08-21,2024-09-01,Hubbard LLC,TRK-83968,Delayed
HPO45_15-S1,HPO45_15,2025-03-28,2025-04-22,Miller-Fisher,TRK-43895,Delayed
HPO45_16-S1,HPO45_16,2024-12-06,2024-12-25,"Perez, Wagner and Cox",TRK-44885,Delayed
HPO45_16-S2,HPO45_16,2024-11-05,2024-12-20,Reed-French,TRK-39123,Delivered
HPO45_17-S1,HPO45_17,2024-11-07,2024-11-23,"Davis, Jackson and Figueroa",TRK-86288,Delivered
HPO45_17-S2,HPO45_17,2024-11-14,2024-12-02,"Serrano, Hall and Ayers",TRK-38638,Delayed
HPO45_18-S1,HPO45_18,2024-12-30,2025-01-13,Ward and Sons,TRK-70568,Delayed
HPO45_19-S1,HPO45_19,2024-08-05,2024-08-28,Hampton Inc,TRK-26148,Delivered
HPO45_20-S1,HPO45_20,2025-04-22,2025-04-26,"Mann, Rivera and Buchanan",TRK-73221,Delivered
HPO45_21-S1,HPO45_21,2024-08-29,2024-09-10,Shaffer Ltd,TRK-46868,Delivered
HPO45_22-S1,HPO45_22,2024-12-24,2025-01-11,Taylor PLC,TRK-94055,Delivered
HPO45_22-S2,HPO45_22,2024-12-22,2025-01-22,George LLC,TRK-57581,Delivered
HPO46_1-S1,HPO46_1,2024-10-19,2024-10-22,Haney LLC,TRK-64531,Delayed
HPO46_2-S1,HPO46_2,2024-11-18,2024-12-05,Green-Love,TRK-04234,Delayed
HPO46_2-S2,HPO46_2,2024-11-13,2024-12-09,Chung Inc,TRK-58609,Delayed
HPO46_3-S1,HPO46_3,2024-12-14,2024-12-22,Shepard-Vang,TRK-84437,Delayed
HPO46_3-S2,HPO46_3,2024-12-10,2024-12-15,Gibbs PLC,TRK-57151,Delivered
HPO46_4-S1,HPO46_4,2025-04-07,2025-04-22,"Rodriguez, Butler and Taylor",TRK-04565,Delivered
HPO46_5-S1,HPO46_5,2024-10-02,2024-10-23,"Collier, Robbins and Graham",TRK-60498,Delivered
HPO46_5-S2,HPO46_5,2024-10-02,2024-10-11,Martin-Warren,TRK-66484,Delivered
HPO46_6-S1,HPO46_6,2024-09-18,2024-09-23,"Long, Lee and Allen",TRK-84287,Delivered
HPO46_7-S1,HPO46_7,2024-07-25,2024-08-06,Nguyen-Frazier,TRK-63593,Delivered
HPO46_7-S2,HPO46_7,2024-08-02,2024-08-11,Hartman-Jones,TRK-82059,Delayed
HPO46_8-S1,HPO46_8,2024-11-10,2024-11-16,Davenport-Bauer,TRK-62436,Delayed
HPO46_9-S1,HPO46_9,2024-10-16,2024-11-08,Pearson-Leon,TRK-50613,Delivered
HPO46_10-S1,HPO46_10,2024-08-15,2024-08-17,Ross-Wright,TRK-65459,Delivered
HPO46_11-S1,HPO46_11,2024-08-21,2024-09-06,"Odonnell, Wong and Russell",TRK-59090,Delayed
HPO46_11-S2,HPO46_11,2024-09-02,2024-09-06,"Cannon, Freeman and Snyder",TRK-57270,Delayed
HPO46_12-S1,HPO46_12,2024-08-13,2024-08-27,Salazar-Rogers,TRK-00716,Delivered
HPO46_12-S2,HPO46_12,2024-08-16,2024-08-27,Nelson Ltd,TRK-01013,Delivered
HPO46_13-S1,HPO46_13,2025-05-09,2025-05-17,Bray-Fisher,TRK-33669,Delivered
HPO46_14-S1,HPO46_14,2025-03-20,2025-03-24,Hall PLC,TRK-04603,Delivered
HPO46_15-S1,HPO46_15,2024-10-10,2024-10-15,Lopez Ltd,TRK-90643,Delayed
HPO46_16-S1,HPO46_16,2025-03-17,2025-04-05,Joyce-Lynch,TRK-65334,Delivered
HPO46_16-S2,HPO46_16,2025-03-25,2025-04-19,Thompson-Robertson,TRK-86605,Delayed
HPO46_17-S1,HPO46_17,2024-08-29,2024-09-03,Brown-Martinez,TRK-29856,Delivered
HPO46_18-S1,HPO46_18,2025-03-29,2025-04-11,"Davis, Williams and Mejia",TRK-57740,Delivered
HPO46_19-S1,HPO46_19,2024-07-11,2024-07-19,Butler Inc,TRK-42165,Delivered
HPO46_20-S1,HPO46_20,2024-10-12,2024-11-03,Riley-Barajas,TRK-81904,Delayed
HPO46_21-S1,HPO46_21,2024-11-24,2024-12-30,"Grant, Jones and Park",TRK-46489,Delayed
HPO46_22-S1,HPO46_22,2024-09-11,2024-09-13,Singh Inc,TRK-70213,Delivered
HPO46_22-S2,HPO46_22,2024-09-12,2024-09-17,Johnson-Leonard,TRK-19459,Delayed
HPO46_23-S1,HPO46_23,2025-04-22,2025-05-02,Guzman LLC,TRK-31655,Delayed
HPO47_1-S1,HPO47_1,2025-02-25,2025-03-17,Ortega-Branch,TRK-25826,Delayed
HPO47_2-S1,HPO47_2,2024-07-28,2024-08-16,Figueroa-Green,TRK-63322,Delivered
HPO47_2-S2,HPO47_2,2024-08-17,2024-08-21,Mitchell Ltd,TRK-14937,Delayed
HPO47_3-S1,HPO47_3,2025-05-13,2025-05-25,Bishop-Walker,TRK-52417,Delivered
HPO47_4-S1,HPO47_4,2024-06-09,2024-07-11,"Campbell, Hill and Gonzalez",TRK-35297,Delayed
HPO47_5-S1,HPO47_5,2025-05-04,2025-06-19,Diaz-Rivas,TRK-99342,Delayed
HPO47_6-S1,HPO47_6,2024-10-12,2024-10-15,"Frank, Parker and Smith",TRK-15959,Delivered
HPO47_7-S1,HPO47_7,2024-09-15,2024-09-19,Thomas-Patel,TRK-10920,Delivered
HPO47_8-S1,HPO47_8,2024-10-08,2024-10-14,"Roy, Moreno and Potts",TRK-35976,Delayed
HPO47_9-S1,HPO47_9,2025-05-25,2025-05-29,"Powers, Jacobs and Weeks",TRK-33610,Delivered
HPO47_10-S1,HPO47_10,2025-01-06,2025-01-17,Odonnell-Smith,TRK-16956,Delivered
HPO47_11-S1,HPO47_11,2024-07-14,2024-08-10,Stewart-Hansen,TRK-46036,Delivered
HPO47_12-S1,HPO47_12,2025-04-30,2025-05-12,Jimenez-Mosley,TRK-37876,Delayed
HPO47_13-S1,HPO47_13,2024-10-31,2024-11-13,Mullen LLC,TRK-26540,Delivered
HPO47_14-S1,HPO47_14,2025-04-09,2025-04-11,Williams-Davis,TRK-64386,Delivered
HPO47_15-S1,HPO47_15,2025-02-18,2025-03-06,"Thompson, Howard and Morse",TRK-93343,Delayed
HPO47_16-S1,HPO47_16,2024-07-27,2024-08-09,Moore LLC,TRK-76013,Delivered
HPO47_17-S1,HPO47_17,2024-07-09,2024-07-21,Braun-Singh,TRK-95484,Delivered
HPO47_18-S1,HPO47_18,2024-11-05,2024-11-26,Flynn-Mcdonald,TRK-97954,Delivered
HPO47_19-S1,HPO47_19,2024-07-22,2024-08-04,Charles-Carey,TRK-83031,Delivered
HPO47_19-S2,HPO47_19,2024-08-02,2024-08-10,Cook and Sons,TRK-04587,Delayed
HPO47_20-S1,HPO47_20,2025-01-14,2025-01-29,Phillips Ltd,TRK-08808,Delivered
HPO47_21-S1,HPO47_21,2024-10-15,2024-10-29,Faulkner Group,TRK-95868,Delayed
HPO47_21-S2,HPO47_21,2024-09-30,2024-10-29,Reed PLC,TRK-72993,Delayed
HPO47_22-S1,HPO47_22,2025-05-04,2025-05-23,Mccann-Hartman,TRK-37004,Delivered
HPO48_1-S1,HPO48_1,2025-03-30,2025-04-04,Thomas Inc,TRK-62426,Delivered
HPO48_2-S1,HPO48_2,2024-08-11,2024-08-17,Zamora LLC,TRK-20358,Delivered
HPO48_3-S1,HPO48_3,2024-10-04,2024-10-05,Washington-Pope,TRK-04164,Delivered
HPO48_4-S1,HPO48_4,2024-10-15,2024-10-16,Williams-Chavez,TRK-17730,Delivered
HPO48_4-S2,HPO48_4,2024-10-14,2024-10-16,Holmes LLC,TRK-07210,Delivered
HPO48_5-S1,HPO48_5,2025-04-24,2025-05-03,Guzman-Meyer,TRK-12865,Delivered
HPO48_6-S1,HPO48_6,2025-05-19,2025-05-24,Howard-Evans,TRK-84120,Delivered
HPO48_7-S1,HPO48_7,2025-02-23,2025-03-07,Morgan Group,TRK-13213,Delayed
HPO48_7-S2,HPO48_7,2025-02-10,2025-02-15,"Rodriguez, Mcdonald and Morgan",TRK-13328,Delivered
HPO48_8-S1,HPO48_8,2025-05-15,2025-05-23,Smith-Kane,TRK-31317,Delivered
HPO48_9-S1,HPO48_9,2025-02-28,2025-03-01,Brown and Sons,TRK-90625,Delivered
HPO48_10-S1,HPO48_10,2024-09-16,2024-09-20,"Arnold, Jones and Sanford",TRK-39646,Delivered
HPO48_11-S1,HPO48_11,2024-10-24,2024-10-27,"Byrd, Mccann and Martin",TRK-26179,Delivered
HPO48_11-S2,HPO48_11,2024-11-13,2024-11-14,Hartman PLC,TRK-05604,Delivered
HPO48_12-S1,HPO48_12,2024-11-07,2024-11-09,Lynch PLC,TRK-90604,Delivered
HPO48_13-S1,HPO48_13,2024-08-21,2024-08-25,Rose-Hansen,TRK-03640,Delivered
HPO48_14-S1,HPO48_14,2025-01-31,2025-02-04,Cooper Group,TRK-41209,Delivered
HPO48_14-S2,HPO48_14,2025-01-30,2025-02-12,"Russell, King and Hull",TRK-03132,Delayed
HPO48_15-S1,HPO48_15,2024-07-24,2024-08-02,Rowe Ltd,TRK-14893,Delayed
HPO48_16-S1,HPO48_16,2025-04-10,2025-04-27,"Hamilton, Shaffer and Harvey",TRK-44342,Delayed
HPO48_17-S1,HPO48_17,2024-08-31,2024-09-22,Edwards and Sons,TRK-31137,Delivered
HPO48_17-S2,HPO48_17,2024-08-31,2024-09-22,"Johnson, Snyder and Mann",TRK-71190,Delivered
HPO48_18-S1,HPO48_18,2024-08-23,2024-09-08,Williams and Sons,TRK-48977,Delayed
HPO48_19-S1,HPO48_19,2025-03-21,2025-03-26,Smith-Reynolds,TRK-10314,Delivered
HPO48_20-S1,HPO48_20,2024-08-24,2024-08-30,Brady-Peters,TRK-48885,Delivered
HPO48_21-S1,HPO48_21,2025-02-26,2025-03-06,Duffy PLC,TRK-61368,Delayed
HPO48_22-S1,HPO48_22,2025-02-28,2025-03-05,Kim and Sons,TRK-13058,Delivered
HPO48_22-S2,HPO48_22,2025-03-06,2025-03-14,"Allen, Estrada and Rivera",TRK-07649,Delayed
HPO48_23-S1,HPO48_23,2025-02-27,2025-03-14,"Neal, Dorsey and Aguilar",TRK-48639,Delivered
HPO49_1-S1,HPO49_1,2025-01-04,2025-01-07,Harmon LLC,TRK-76201,Delivered
HPO49_2-S1,HPO49_2,2024-11-11,2024-12-08,"Elliott, Adams and Bruce",TRK-80697,Delayed
HPO49_3-S1,HPO49_3,2024-09-11,2024-09-12,Russell-Mason,TRK-08659,Delivered
HPO49_4-S1,HPO49_4,2024-08-11,2024-09-07,Parker LLC,TRK-97417,Delayed
HPO49_5-S1,HPO49_5,2025-02-08,2025-03-21,Johnson-Anthony,TRK-01165,Delayed
HPO49_6-S1,HPO49_6,2024-06-09,2024-06-21,Ortiz Ltd,TRK-64284,Delivered
HPO49_7-S1,HPO49_7,2024-10-01,2024-10-05,Haas-Dougherty,TRK-84323,Delivered
HPO49_7-S2,HPO49_7,2024-10-24,2024-10-31,Jones Group,TRK-62700,Delayed
HPO49_8-S1,HPO49_8,2024-06-10,2024-06-24,"Espinoza, Mcdaniel and Snyder",TRK-68335,Delayed
HPO49_9-S1,HPO49_9,2024-10-24,2024-11-02,"Braun, Francis and Murphy",TRK-12362,Delivered
HPO49_10-S1,HPO49_10,2025-03-09,2025-03-11,Silva and Sons,TRK-97371,Delivered
HPO49_10-S2,HPO49_10,2025-03-30,2025-04-03,"Bolton, West and Smith",TRK-27201,Delivered
HPO49_11-S1,HPO49_11,2024-08-20,2024-08-30,Hughes-Herrera,TRK-00923,Delayed
HPO49_12-S1,HPO49_12,2024-06-20,2024-06-25,Perry-Thornton,TRK-68867,Delivered
HPO49_13-S1,HPO49_13,2025-05-10,2025-06-11,"Stanley, Tucker and Small",TRK-63621,Delayed
HPO49_14-S1,HPO49_14,2024-10-06,2024-10-15,Cook LLC,TRK-06619,Delivered
HPO49_15-S1,HPO49_15,2024-08-06,2024-08-12,Baker-Gill,TRK-37860,Delayed
HPO49_15-S2,HPO49_15,2024-07-31,2024-08-02,Carson LLC,TRK-83323,Delivered
HPO49_16-S1,HPO49_16,2024-06-23,2024-06-28,Cook-Short,TRK-59185,Delivered
HPO49_17-S1,HPO49_17,2024-09-13,2024-10-03,"Tucker, Rivera and Koch",TRK-38449,Delivered
HPO50_1-S1,HPO50_1,2024-12-02,2024-12-15,Martin Ltd,TRK-03078,Delayed
HPO50_2-S1,HPO50_2,2025-01-15,2025-02-19,Soto PLC,TRK-24428,Delayed
HPO50_3-S1,HPO50_3,2025-04-24,2025-05-25,Sanders-Mcdonald,TRK-66497,Delivered
HPO50_4-S1,HPO50_4,2024-09-22,2024-09-26,Obrien-Gutierrez,TRK-12000,Delivered
HPO50_5-S1,HPO50_5,2024-11-29,2024-12-03,"Campbell, Banks and Wang",TRK-39325,Delivered
HPO50_6-S1,HPO50_6,2024-07-27,2024-08-08,Meyer-Williams,TRK-08256,Delayed
HPO50_7-S1,HPO50_7,2024-07-01,2024-07-29,"Miller, Robertson and Myers",TRK-59306,Delayed
HPO50_7-S2,HPO50_7,2024-07-09,2024-07-10,Johnson-Gordon,TRK-91666,Delivered
HPO50_8-S1,HPO50_8,2025-02-19,2025-03-16,Ruiz-Ortega,TRK-95772,Delivered
HPO50_9-S1,HPO50_9,2024-06-04,2024-06-09,Harris-Rodriguez,TRK-75483,Delivered
HPO50_10-S1,HPO50_10,2025-05-06,2025-05-24,"Powell, Riggs and Sullivan",TRK-72270,Delivered
HPO50_10-S2,HPO50_10,2025-05-05,2025-05-10,York Ltd,TRK-15254,Delivered
HPO50_11-S1,HPO50_11,2024-09-05,2024-09-10,Rowe PLC,TRK-24812,Delivered
HPO50_12-S1,HPO50_12,2024-12-24,2025-01-03,Quinn-Murillo,TRK-08895,Delivered
HPO50_12-S2,HPO50_12,2024-12-21,2025-01-08,Kelley-Valenzuela,TRK-21172,Delivered
HPO50_13-S1,HPO50_13,2025-04-18,2025-04-23,"Strickland, Silva and Hatfield",TRK-64844,Delivered
HPO50_13-S2,HPO50_13,2025-05-19,2025-05-28,"Figueroa, Smith and Smith",TRK-38514,Delivered
HPO50_14-S1,HPO50_14,2025-05-25,2025-06-10,Hansen-Maynard,TRK-01843,Delayed
HPO50_15-S1,HPO50_15,2024-09-20,2024-10-01,"Thomas, Morales and Kim",TRK-71286,Delayed
HPO50_16-S1,HPO50_16,2024-10-21,2024-10-27,"Shaw, Brown and Miles",TRK-27650,Delayed
HPO50_17-S1,HPO50_17,2025-03-20,2025-04-04,Callahan-Davis,TRK-05067,Delayed
HPO50_17-S2,HPO50_17,2025-02-22,2025-03-07,Donovan-Smith,TRK-93019,Delivered
HPO50_18-S1,HPO50_18,2024-07-23,2024-08-09,Guzman-Nelson,TRK-83087,Delayed
HPO50_19-S1,HPO50_19,2024-06-04,2024-07-13,Garcia-Black,TRK-26203,Delayed
HPO50_20-S1,HPO50_20,2024-12-06,2024-12-22,Gillespie-Fowler,TRK-04494,Delivered
HPO50_21-S1,HPO50_21,2024-09-15,2024-09-24,Velez-Wilson,TRK-76053,Delivered
