Item Name,Specification,Quantity,Unit of Measure,Delivery Date,Drawing Ref,Recommended Vendor,Region,Justification,Validation Errors
earthing strip,"Copper, 25mm x 3mm",450,MTR,8/30/25,DM-ELEC-001,Spain Earthing Strip Solutions Ltd.,Spain,"Spain Earthing Strip Solutions Ltd. is selected as the vendor due to their possession of multiple high-tier certifications, including ASME and FM Approved, which aligns with the project's quality standards. Their lead time of 25 days is within the required limit, ensuring timely delivery of the earthing strip. The vendor's expertise in earthing strip, coupled with their proven track record, further assures their capability to meet the project's requirements.",Missing required certification (ISO/CE/UL)
control cable,XLPE 2C x 4 sqmm,888,MTR,8/30/25,DM-ELEC-009,Spain Flanges Solutions Ltd.,Spain,"Spain Flanges Solutions Ltd. is selected due to their ISO 9001 certification, which aligns with the project's vendor selection criteria. Their lead time of 13 days fits well within the project's requirement for a lead time of 30 days or less. The vendor's expertise in control cable directly matches the item category, and their proven track record in delivering similar items assures their reliability and performance.",
signal conduit,"HDPE, 50mm dia",346,MTR,8/30/25,DM-SIG-004,Spain Flanges Solutions Ltd.,Spain,"Spain Flanges Solutions Ltd. is a suitable vendor for the procurement of the signal conduit as they possess the required ISO 9001 certification, ensuring compliance with quality standards. Their lead time of 13 days aligns well with our project timeline, ensuring timely delivery. The vendor's expertise in control cable, which is relevant to the item category, combined with their proven track record in delivering certified products, assures reliability and performance.",
cable tray,"Ladder Type, GI",819,MTR,8/30/25,DM-ELEC-005,Vietnam Solutions Ltd.,Vietnam,"Vietnam Control Cable Solutions Ltd. is recommended as the vendor for the cable tray due to their compliance with the required ISO 9001 and CE certifications, ensuring quality and safety standards. Their lead time of 13 days is well within the 30-day requirement, ensuring timely delivery. The vendor's proven track record and specific expertise in cable tray aligns perfectly with the item category, indicating reliability and proficiency in the required field.",
structural steel beam,"U-Channel, Galvanized",593,EA,8/30/25,DM-STRC-006,Vietnam Solutions Ltd.,Vietnam,"Vietnam Flanges Solutions Ltd. is a suitable vendor for the structural steel beam procurement due to their compliance with the required ISO 9001 and CE certifications, ensuring quality and safety standards. Their lead time of 14 days fits well within the project's timeline, allowing for timely delivery. Furthermore, their specific expertise in structural steel, coupled with a proven track record, assures a high level of reliability and performance for this critical component of the project.",