item,description,spec,qty,unit,nps,schedule,od_mm,thickness_mm,need_by,source_file,scenario_id
Line 001,"4 NPS pipe, 9% Ni Alloy",9% Ni Alloy,20,pcs,4,SCH 40,114.3,6.02,2025-07-28,synthetic_bom_generator,S1
Line 002,"1 NPS pipe, 304L SS",304L SS,15,pcs,1,SCH 40,33.4,3.38,2025-07-05,synthetic_bom_generator,S1
Line 003,"6 NPS pipe, 304L SS",304L SS,18,pcs,6,SCH 80,168.3,10.97,2025-07-26,synthetic_bom_generator,S1
Line 004,"4 NPS pipe, 9% Ni Alloy",9% Ni Alloy,17,pcs,4,SCH 40,114.3,8.56,2025-07-04,synthetic_bom_generator,S1
Line 005,"1 NPS pipe, 304L SS",304L SS,2,pcs,1,SCH 80,33.4,4.55,2025-07-07,synthetic_bom_generator,S1
Line 006,"1/2 NPS pipe, 304L SS",304L SS,18,pcs,1/2,SCH 80,21.3,3.73,2025-07-16,synthetic_bom_generator,S1
Line 007,"1/2 NPS pipe, 9% Ni Alloy",9% Ni Alloy,9,pcs,1/2,SCH 40,21.3,2.87,2025-07-29,synthetic_bom_generator,S1
Line 008,"3/4 NPS pipe, 9% Ni Alloy",9% Ni Alloy,4,pcs,3/4,SCH 80,26.7,3.73,2025-07-03,synthetic_bom_generator,S1
Line 009,"2 NPS pipe, 304L SS",304L SS,9,pcs,2,SCH 40,60.3,6.02,2025-07-05,synthetic_bom_generator,S1
Line 010,"3/4 NPS pipe, 9% Ni Alloy",9% Ni Alloy,8,pcs,3/4,SCH 40,26.7,3.73,2025-07-02,synthetic_bom_generator,S1
Line 011,"1/2 NPS pipe, 9% Ni Alloy",9% Ni Alloy,1,pcs,1/2,SCH 80,21.3,2.87,2025-07-16,synthetic_bom_generator,S1
Line 012,"2 NPS pipe, 9% Ni Alloy",9% Ni Alloy,15,pcs,2,SCH 80,60.3,6.02,2025-07-28,synthetic_bom_generator,S1
Line 013,"2 NPS pipe, 304L SS",304L SS,8,pcs,2,SCH 40,60.3,3.91,2025-07-14,synthetic_bom_generator,S1
Line 014,"4 NPS pipe, 9% Ni Alloy",9% Ni Alloy,1,pcs,4,SCH 80,114.3,6.02,2025-07-11,synthetic_bom_generator,S1
Line 015,"6 NPS pipe, 304L SS",304L SS,9,pcs,6,SCH 80,168.3,6.55,2025-07-29,synthetic_bom_generator,S1
Line 016,"2 NPS pipe, 9% Ni Alloy",9% Ni Alloy,15,pcs,2,SCH 40,60.3,6.02,2025-07-18,synthetic_bom_generator,S1
Line 017,"4 NPS pipe, 304L SS",304L SS,6,pcs,4,SCH 40,114.3,6.02,2025-07-06,synthetic_bom_generator,S1
Line 018,"1/2 NPS pipe, 9% Ni Alloy",9% Ni Alloy,20,pcs,1/2,SCH 80,21.3,2.87,2025-07-20,synthetic_bom_generator,S1
Line 019,"1/2 NPS pipe, 9% Ni Alloy",9% Ni Alloy,2,pcs,1/2,SCH 80,21.3,2.87,2025-07-25,synthetic_bom_generator,S1
Line 020,"6 NPS pipe, 9% Ni Alloy",9% Ni Alloy,8,pcs,6,SCH 40,168.3,6.55,2025-08-01,synthetic_bom_generator,S1
Line 021,"2 NPS pipe, 304L SS",304L SS,3,pcs,2,SCH 40,60.3,3.91,2025-07-05,synthetic_bom_generator,S1
Line 022,"1 NPS pipe, 9% Ni Alloy",9% Ni Alloy,16,pcs,1,SCH 40,33.4,4.55,2025-07-11,synthetic_bom_generator,S1
Line 023,"3/4 NPS pipe, 9% Ni Alloy",9% Ni Alloy,19,pcs,3/4,SCH 80,26.7,2.87,2025-07-28,synthetic_bom_generator,S1
Line 024,"3/4 NPS pipe, 304L SS",304L SS,3,pcs,3/4,SCH 40,26.7,2.87,2025-07-10,synthetic_bom_generator,S1
Line 025,"2 NPS pipe, 304L SS",304L SS,6,pcs,2,SCH 80,60.3,3.91,2025-07-18,synthetic_bom_generator,S1
Line 026,"1/2 NPS pipe, 9% Ni Alloy",9% Ni Alloy,17,pcs,1/2,SCH 40,21.3,3.73,2025-07-29,synthetic_bom_generator,S1
Line 027,"6 NPS pipe, 304L SS",304L SS,17,pcs,6,SCH 40,168.3,6.55,2025-07-17,synthetic_bom_generator,S1
Line 028,"2 NPS pipe, 9% Ni Alloy",9% Ni Alloy,11,pcs,2,SCH 40,60.3,3.91,2025-07-30,synthetic_bom_generator,S1
Line 029,"1 NPS pipe, 304L SS",304L SS,8,pcs,1,SCH 40,33.4,3.38,2025-07-16,synthetic_bom_generator,S1
Line 030,"6 NPS pipe, 304L SS",304L SS,4,pcs,6,SCH 80,168.3,10.97,2025-07-12,synthetic_bom_generator,S1
Line 031,"2 NPS pipe, 304L SS",304L SS,5,pcs,2,SCH 80,60.3,6.02,2025-07-24,synthetic_bom_generator,S1
Line 032,"4 NPS pipe, 304L SS",304L SS,1,pcs,4,SCH 80,114.3,6.02,2025-07-19,synthetic_bom_generator,S1
Line 033,"4 NPS pipe, 9% Ni Alloy",9% Ni Alloy,6,pcs,4,SCH 40,114.3,8.56,2025-07-14,synthetic_bom_generator,S1
Line 034,"3/4 NPS pipe, 304L SS",304L SS,1,pcs,3/4,SCH 80,26.7,2.87,2025-07-07,synthetic_bom_generator,S1
Line 035,"1/2 NPS pipe, 9% Ni Alloy",9% Ni Alloy,6,pcs,1/2,SCH 40,21.3,2.87,2025-07-17,synthetic_bom_generator,S1
Line 036,"1/2 NPS pipe, 304L SS",304L SS,12,pcs,1/2,SCH 40,21.3,3.73,2025-07-15,synthetic_bom_generator,S1
Line 037,"1/2 NPS pipe, 304L SS",304L SS,17,pcs,1/2,SCH 80,21.3,2.87,2025-07-02,synthetic_bom_generator,S1
Line 038,"6 NPS pipe, 304L SS",304L SS,6,pcs,6,SCH 80,168.3,6.55,2025-08-01,synthetic_bom_generator,S1
Line 039,"3/4 NPS pipe, 9% Ni Alloy",9% Ni Alloy,14,pcs,3/4,SCH 80,26.7,3.73,2025-08-01,synthetic_bom_generator,S1
Line 040,"1/2 NPS pipe, 304L SS",304L SS,1,pcs,1/2,SCH 40,21.3,3.73,2025-07-02,synthetic_bom_generator,S1
Line 041,"6 NPS pipe, 304L SS",304L SS,4,pcs,6,SCH 80,168.3,6.55,2025-07-28,synthetic_bom_generator,S1
Line 042,"1 NPS pipe, 9% Ni Alloy",9% Ni Alloy,16,pcs,1,SCH 40,33.4,4.55,2025-07-03,synthetic_bom_generator,S1
Line 043,"3/4 NPS pipe, 9% Ni Alloy",9% Ni Alloy,14,pcs,3/4,SCH 40,26.7,3.73,2025-07-05,synthetic_bom_generator,S1
Line 044,"1 NPS pipe, 9% Ni Alloy",9% Ni Alloy,5,pcs,1,SCH 80,33.4,3.38,2025-07-15,synthetic_bom_generator,S1
Line 045,"1/2 NPS pipe, 9% Ni Alloy",9% Ni Alloy,6,pcs,1/2,SCH 40,21.3,2.87,2025-08-01,synthetic_bom_generator,S1
Line 046,"4 NPS pipe, 304L SS",304L SS,6,pcs,4,SCH 40,114.3,6.02,2025-07-13,synthetic_bom_generator,S1
Line 047,"3/4 NPS pipe, 304L SS",304L SS,12,pcs,3/4,SCH 80,26.7,2.87,2025-07-09,synthetic_bom_generator,S1
Line 048,"2 NPS pipe, 9% Ni Alloy",9% Ni Alloy,7,pcs,2,SCH 40,60.3,3.91,2025-07-27,synthetic_bom_generator,S1
Line 049,"1/2 NPS pipe, 9% Ni Alloy",9% Ni Alloy,18,pcs,1/2,SCH 80,21.3,2.87,2025-07-19,synthetic_bom_generator,S1
Line 050,"2 NPS pipe, 9% Ni Alloy",9% Ni Alloy,16,pcs,2,SCH 40,60.3,3.91,2025-07-18,synthetic_bom_generator,S1
Line 051,"1/2 NPS pipe, 304L SS",304L SS,15,pcs,1/2,SCH 40,21.3,2.87,2025-07-31,synthetic_bom_generator,S1
Line 052,"1 NPS pipe, 304L SS",304L SS,5,pcs,1,SCH 40,33.4,4.55,2025-07-31,synthetic_bom_generator,S1
Line 053,"4 NPS pipe, 304L SS",304L SS,4,pcs,4,SCH 80,114.3,6.02,2025-07-23,synthetic_bom_generator,S1
Line 054,"3/4 NPS pipe, 304L SS",304L SS,10,pcs,3/4,SCH 80,26.7,2.87,2025-07-21,synthetic_bom_generator,S1
Line 055,"6 NPS pipe, 9% Ni Alloy",9% Ni Alloy,9,pcs,6,SCH 80,168.3,10.97,2025-07-19,synthetic_bom_generator,S1
Line 056,"4 NPS pipe, 9% Ni Alloy",9% Ni Alloy,12,pcs,4,SCH 80,114.3,8.56,2025-07-02,synthetic_bom_generator,S1
Line 057,"2 NPS pipe, 9% Ni Alloy",9% Ni Alloy,8,pcs,2,SCH 80,60.3,3.91,2025-07-11,synthetic_bom_generator,S1
Line 058,"4 NPS pipe, 9% Ni Alloy",9% Ni Alloy,20,pcs,4,SCH 40,114.3,8.56,2025-07-03,synthetic_bom_generator,S1
Line 059,"3/4 NPS pipe, 9% Ni Alloy",9% Ni Alloy,4,pcs,3/4,SCH 40,26.7,2.87,2025-07-05,synthetic_bom_generator,S1
Line 060,"2 NPS pipe, 304L SS",304L SS,2,pcs,2,SCH 80,60.3,6.02,2025-07-05,synthetic_bom_generator,S1
Line 061,"3/4 NPS pipe, 9% Ni Alloy",9% Ni Alloy,12,pcs,3/4,SCH 80,26.7,2.87,2025-07-12,synthetic_bom_generator,S1
Line 062,"4 NPS pipe, 9% Ni Alloy",9% Ni Alloy,8,pcs,4,SCH 80,114.3,8.56,2025-07-27,synthetic_bom_generator,S1
Line 063,"4 NPS pipe, 304L SS",304L SS,20,pcs,4,SCH 80,114.3,8.56,2025-07-23,synthetic_bom_generator,S1
Line 064,"2 NPS pipe, 9% Ni Alloy",9% Ni Alloy,4,pcs,2,SCH 40,60.3,6.02,2025-07-07,synthetic_bom_generator,S1
Line 065,"1/2 NPS pipe, 9% Ni Alloy",9% Ni Alloy,11,pcs,1/2,SCH 80,21.3,2.87,2025-07-15,synthetic_bom_generator,S1
Line 066,"6 NPS pipe, 304L SS",304L SS,6,pcs,6,SCH 40,168.3,10.97,2025-07-21,synthetic_bom_generator,S1
Line 067,"3/4 NPS pipe, 304L SS",304L SS,6,pcs,3/4,SCH 80,26.7,3.73,2025-07-21,synthetic_bom_generator,S1
Line 068,"1/2 NPS pipe, 304L SS",304L SS,11,pcs,1/2,SCH 40,21.3,2.87,2025-07-29,synthetic_bom_generator,S1
Line 069,"2 NPS pipe, 9% Ni Alloy",9% Ni Alloy,2,pcs,2,SCH 80,60.3,3.91,2025-07-25,synthetic_bom_generator,S1
Line 070,"4 NPS pipe, 304L SS",304L SS,19,pcs,4,SCH 80,114.3,6.02,2025-07-24,synthetic_bom_generator,S1
Line 071,"2 NPS pipe, 304L SS",304L SS,18,pcs,2,SCH 80,60.3,6.02,2025-07-26,synthetic_bom_generator,S1
Line 072,"3/4 NPS pipe, 9% Ni Alloy",9% Ni Alloy,2,pcs,3/4,SCH 40,26.7,2.87,2025-07-14,synthetic_bom_generator,S1
Line 073,"6 NPS pipe, 304L SS",304L SS,1,pcs,6,SCH 40,168.3,6.55,2025-07-15,synthetic_bom_generator,S1
Line 074,"6 NPS pipe, 304L SS",304L SS,19,pcs,6,SCH 40,168.3,10.97,2025-07-24,synthetic_bom_generator,S1
Line 075,"3/4 NPS pipe, 304L SS",304L SS,11,pcs,3/4,SCH 80,26.7,3.73,2025-07-20,synthetic_bom_generator,S1
Line 076,"1/2 NPS pipe, 304L SS",304L SS,8,pcs,1/2,SCH 80,21.3,2.87,2025-07-30,synthetic_bom_generator,S1
Line 077,"2 NPS pipe, 304L SS",304L SS,17,pcs,2,SCH 40,60.3,6.02,2025-07-05,synthetic_bom_generator,S1
Line 078,"1/2 NPS pipe, 304L SS",304L SS,6,pcs,1/2,SCH 40,21.3,3.73,2025-07-22,synthetic_bom_generator,S1
Line 079,"3/4 NPS pipe, 9% Ni Alloy",9% Ni Alloy,16,pcs,3/4,SCH 80,26.7,2.87,2025-07-21,synthetic_bom_generator,S1
Line 080,"1 NPS pipe, 9% Ni Alloy",9% Ni Alloy,7,pcs,1,SCH 80,33.4,4.55,2025-07-17,synthetic_bom_generator,S1
Line 081,"2 NPS pipe, 9% Ni Alloy",9% Ni Alloy,1,pcs,2,SCH 40,60.3,6.02,2025-07-29,synthetic_bom_generator,S1
Line 082,"2 NPS pipe, 304L SS",304L SS,12,pcs,2,SCH 40,60.3,6.02,2025-07-23,synthetic_bom_generator,S1
Line 083,"1 NPS pipe, 304L SS",304L SS,15,pcs,1,SCH 40,33.4,3.38,2025-07-12,synthetic_bom_generator,S1
Line 084,"1 NPS pipe, 304L SS",304L SS,20,pcs,1,SCH 80,33.4,3.38,2025-07-31,synthetic_bom_generator,S1
Line 085,"4 NPS pipe, 304L SS",304L SS,1,pcs,4,SCH 40,114.3,8.56,2025-07-18,synthetic_bom_generator,S1
Line 086,"4 NPS pipe, 304L SS",304L SS,19,pcs,4,SCH 40,114.3,6.02,2025-07-29,synthetic_bom_generator,S1
Line 087,"4 NPS pipe, 304L SS",304L SS,9,pcs,4,SCH 40,114.3,6.02,2025-07-13,synthetic_bom_generator,S1
Line 088,"3/4 NPS pipe, 304L SS",304L SS,18,pcs,3/4,SCH 80,26.7,2.87,2025-07-28,synthetic_bom_generator,S1
Line 089,"1/2 NPS pipe, 9% Ni Alloy",9% Ni Alloy,3,pcs,1/2,SCH 40,21.3,3.73,2025-07-09,synthetic_bom_generator,S1
Line 090,"6 NPS pipe, 304L SS",304L SS,2,pcs,6,SCH 80,168.3,10.97,2025-07-27,synthetic_bom_generator,S1
Line 091,"1/2 NPS pipe, 304L SS",304L SS,1,pcs,1/2,SCH 40,21.3,2.87,2025-07-17,synthetic_bom_generator,S1
Line 092,"4 NPS pipe, 304L SS",304L SS,5,pcs,4,SCH 40,114.3,6.02,2025-07-30,synthetic_bom_generator,S1
Line 093,"2 NPS pipe, 304L SS",304L SS,6,pcs,2,SCH 40,60.3,3.91,2025-07-26,synthetic_bom_generator,S1
Line 094,"1 NPS pipe, 304L SS",304L SS,11,pcs,1,SCH 80,33.4,3.38,2025-07-27,synthetic_bom_generator,S1
Line 095,"1/2 NPS pipe, 9% Ni Alloy",9% Ni Alloy,17,pcs,1/2,SCH 40,21.3,3.73,2025-07-02,synthetic_bom_generator,S1
Line 096,"1/2 NPS pipe, 9% Ni Alloy",9% Ni Alloy,12,pcs,1/2,SCH 40,21.3,2.87,2025-07-09,synthetic_bom_generator,S1
Line 097,"2 NPS pipe, 9% Ni Alloy",9% Ni Alloy,7,pcs,2,SCH 40,60.3,6.02,2025-07-08,synthetic_bom_generator,S1
Line 098,"1 NPS pipe, 304L SS",304L SS,11,pcs,1,SCH 80,33.4,3.38,2025-07-23,synthetic_bom_generator,S1
Line 099,"1/2 NPS pipe, 304L SS",304L SS,9,pcs,1/2,SCH 80,21.3,3.73,2025-07-14,synthetic_bom_generator,S1
Line 100,"1/2 NPS pipe, 304L SS",304L SS,15,pcs,1/2,SCH 80,21.3,2.87,2025-07-29,synthetic_bom_generator,S1
Line 101,"2 NPS pipe, 304L SS",304L SS,17,pcs,2,SCH 40,60.3,6.02,2025-07-21,synthetic_bom_generator,S1
Line 102,"3/4 NPS pipe, 9% Ni Alloy",9% Ni Alloy,13,pcs,3/4,SCH 40,26.7,2.87,2025-07-20,synthetic_bom_generator,S1
Line 103,"4 NPS pipe, 9% Ni Alloy",9% Ni Alloy,11,pcs,4,SCH 40,114.3,6.02,2025-07-21,synthetic_bom_generator,S1
Line 104,"6 NPS pipe, 304L SS",304L SS,10,pcs,6,SCH 80,168.3,6.55,2025-07-21,synthetic_bom_generator,S1
Line 105,"1 NPS pipe, 9% Ni Alloy",9% Ni Alloy,7,pcs,1,SCH 80,33.4,3.38,2025-07-13,synthetic_bom_generator,S1
Line 106,"1/2 NPS pipe, 9% Ni Alloy",9% Ni Alloy,8,pcs,1/2,SCH 80,21.3,2.87,2025-07-16,synthetic_bom_generator,S1
Line 107,"1 NPS pipe, 304L SS",304L SS,15,pcs,1,SCH 80,33.4,3.38,2025-07-14,synthetic_bom_generator,S1
Line 108,"6 NPS pipe, 9% Ni Alloy",9% Ni Alloy,5,pcs,6,SCH 40,168.3,6.55,2025-07-04,synthetic_bom_generator,S1
Line 109,"3/4 NPS pipe, 9% Ni Alloy",9% Ni Alloy,5,pcs,3/4,SCH 40,26.7,2.87,2025-07-03,synthetic_bom_generator,S1
Line 110,"3/4 NPS pipe, 304L SS",304L SS,16,pcs,3/4,SCH 40,26.7,2.87,2025-07-10,synthetic_bom_generator,S1
Line 111,"4 NPS pipe, 9% Ni Alloy",9% Ni Alloy,18,pcs,4,SCH 80,114.3,6.02,2025-07-02,synthetic_bom_generator,S1
Line 112,"3/4 NPS pipe, 304L SS",304L SS,18,pcs,3/4,SCH 40,26.7,2.87,2025-07-24,synthetic_bom_generator,S1
Line 113,"1 NPS pipe, 9% Ni Alloy",9% Ni Alloy,10,pcs,1,SCH 40,33.4,4.55,2025-07-11,synthetic_bom_generator,S1
Line 114,"1 NPS pipe, 304L SS",304L SS,1,pcs,1,SCH 80,33.4,3.38,2025-07-15,synthetic_bom_generator,S1
Line 115,"3/4 NPS pipe, 304L SS",304L SS,1,pcs,3/4,SCH 80,26.7,3.73,2025-07-19,synthetic_bom_generator,S1
Line 116,"1 NPS pipe, 9% Ni Alloy",9% Ni Alloy,13,pcs,1,SCH 80,33.4,3.38,2025-07-13,synthetic_bom_generator,S1
Line 117,"6 NPS pipe, 9% Ni Alloy",9% Ni Alloy,13,pcs,6,SCH 80,168.3,6.55,2025-07-21,synthetic_bom_generator,S1
Line 118,"3/4 NPS pipe, 9% Ni Alloy",9% Ni Alloy,18,pcs,3/4,SCH 40,26.7,2.87,2025-07-24,synthetic_bom_generator,S1
Line 119,"2 NPS pipe, 304L SS",304L SS,14,pcs,2,SCH 80,60.3,6.02,2025-07-30,synthetic_bom_generator,S1
Line 120,"1/2 NPS pipe, 304L SS",304L SS,9,pcs,1/2,SCH 80,21.3,2.87,2025-07-26,synthetic_bom_generator,S1
Line 121,"1 NPS pipe, 9% Ni Alloy",9% Ni Alloy,11,pcs,1,SCH 40,33.4,4.55,2025-07-17,synthetic_bom_generator,S1
Line 122,"6 NPS pipe, 9% Ni Alloy",9% Ni Alloy,7,pcs,6,SCH 40,168.3,6.55,2025-07-13,synthetic_bom_generator,S1
Line 123,"6 NPS pipe, 9% Ni Alloy",9% Ni Alloy,5,pcs,6,SCH 40,168.3,6.55,2025-07-27,synthetic_bom_generator,S1
Line 124,"2 NPS pipe, 9% Ni Alloy",9% Ni Alloy,16,pcs,2,SCH 80,60.3,6.02,2025-07-29,synthetic_bom_generator,S1
Line 125,"3/4 NPS pipe, 9% Ni Alloy",9% Ni Alloy,5,pcs,3/4,SCH 40,26.7,3.73,2025-07-24,synthetic_bom_generator,S1
Line 126,"3/4 NPS pipe, 304L SS",304L SS,18,pcs,3/4,SCH 40,26.7,3.73,2025-08-01,synthetic_bom_generator,S1
Line 127,"1 NPS pipe, 9% Ni Alloy",9% Ni Alloy,6,pcs,1,SCH 40,33.4,4.55,2025-07-27,synthetic_bom_generator,S1
Line 128,"3/4 NPS pipe, 304L SS",304L SS,19,pcs,3/4,SCH 40,26.7,3.73,2025-07-10,synthetic_bom_generator,S1
Line 129,"1/2 NPS pipe, 9% Ni Alloy",9% Ni Alloy,10,pcs,1/2,SCH 40,21.3,2.87,2025-07-14,synthetic_bom_generator,S1
Line 130,"1 NPS pipe, 304L SS",304L SS,18,pcs,1,SCH 80,33.4,4.55,2025-07-03,synthetic_bom_generator,S1
Line 131,"1 NPS pipe, 9% Ni Alloy",9% Ni Alloy,9,pcs,1,SCH 40,33.4,3.38,2025-07-23,synthetic_bom_generator,S1
Line 132,"4 NPS pipe, 304L SS",304L SS,10,pcs,4,SCH 80,114.3,8.56,2025-08-01,synthetic_bom_generator,S1
Line 133,"2 NPS pipe, 304L SS",304L SS,16,pcs,2,SCH 40,60.3,6.02,2025-07-10,synthetic_bom_generator,S1
Line 134,"4 NPS pipe, 9% Ni Alloy",9% Ni Alloy,1,pcs,4,SCH 80,114.3,8.56,2025-07-16,synthetic_bom_generator,S1
Line 135,"3/4 NPS pipe, 304L SS",304L SS,6,pcs,3/4,SCH 80,26.7,3.73,2025-07-02,synthetic_bom_generator,S1
Line 136,"1/2 NPS pipe, 304L SS",304L SS,13,pcs,1/2,SCH 40,21.3,3.73,2025-07-21,synthetic_bom_generator,S1
Line 137,"1 NPS pipe, 304L SS",304L SS,9,pcs,1,SCH 80,33.4,4.55,2025-07-14,synthetic_bom_generator,S1
Line 138,"1/2 NPS pipe, 9% Ni Alloy",9% Ni Alloy,2,pcs,1/2,SCH 80,21.3,2.87,2025-07-29,synthetic_bom_generator,S1
Line 139,"2 NPS pipe, 304L SS",304L SS,16,pcs,2,SCH 80,60.3,3.91,2025-07-23,synthetic_bom_generator,S1
Line 140,"1 NPS pipe, 304L SS",304L SS,8,pcs,1,SCH 80,33.4,4.55,2025-08-01,synthetic_bom_generator,S1
Line 141,"1 NPS pipe, 9% Ni Alloy",9% Ni Alloy,3,pcs,1,SCH 80,33.4,3.38,2025-07-29,synthetic_bom_generator,S1
Line 142,"1/2 NPS pipe, 9% Ni Alloy",9% Ni Alloy,9,pcs,1/2,SCH 40,21.3,3.73,2025-08-01,synthetic_bom_generator,S1
Line 143,"3/4 NPS pipe, 9% Ni Alloy",9% Ni Alloy,5,pcs,3/4,SCH 80,26.7,3.73,2025-07-06,synthetic_bom_generator,S1
Line 144,"1/2 NPS pipe, 9% Ni Alloy",9% Ni Alloy,4,pcs,1/2,SCH 80,21.3,2.87,2025-07-31,synthetic_bom_generator,S1
Line 145,"6 NPS pipe, 304L SS",304L SS,8,pcs,6,SCH 40,168.3,6.55,2025-08-01,synthetic_bom_generator,S1
Line 146,"4 NPS pipe, 9% Ni Alloy",9% Ni Alloy,8,pcs,4,SCH 40,114.3,8.56,2025-07-25,synthetic_bom_generator,S1
Line 147,"3/4 NPS pipe, 9% Ni Alloy",9% Ni Alloy,4,pcs,3/4,SCH 80,26.7,2.87,2025-07-19,synthetic_bom_generator,S1
Line 148,"4 NPS pipe, 9% Ni Alloy",9% Ni Alloy,2,pcs,4,SCH 40,114.3,8.56,2025-07-11,synthetic_bom_generator,S1
Line 149,"4 NPS pipe, 9% Ni Alloy",9% Ni Alloy,4,pcs,4,SCH 40,114.3,8.56,2025-07-14,synthetic_bom_generator,S1
Line 150,"2 NPS pipe, 304L SS",304L SS,7,pcs,2,SCH 80,60.3,6.02,2025-07-24,synthetic_bom_generator,S1
Line 151,"4 NPS pipe, 9% Ni Alloy",9% Ni Alloy,2,pcs,4,SCH 80,114.3,6.02,2025-07-03,synthetic_bom_generator,S1
Line 152,"1 NPS pipe, 9% Ni Alloy",9% Ni Alloy,13,pcs,1,SCH 40,33.4,4.55,2025-07-18,synthetic_bom_generator,S1
Line 153,"3/4 NPS pipe, 9% Ni Alloy",9% Ni Alloy,12,pcs,3/4,SCH 80,26.7,3.73,2025-07-30,synthetic_bom_generator,S1
Line 154,"2 NPS pipe, 304L SS",304L SS,5,pcs,2,SCH 40,60.3,3.91,2025-07-22,synthetic_bom_generator,S1
Line 155,"4 NPS pipe, 9% Ni Alloy",9% Ni Alloy,4,pcs,4,SCH 80,114.3,6.02,2025-07-10,synthetic_bom_generator,S1
Line 156,"6 NPS pipe, 304L SS",304L SS,12,pcs,6,SCH 40,168.3,6.55,2025-07-15,synthetic_bom_generator,S1
Line 157,"1 NPS pipe, 304L SS",304L SS,3,pcs,1,SCH 80,33.4,3.38,2025-07-26,synthetic_bom_generator,S1
Line 158,"1 NPS pipe, 9% Ni Alloy",9% Ni Alloy,9,pcs,1,SCH 80,33.4,4.55,2025-07-27,synthetic_bom_generator,S1
Line 159,"1/2 NPS pipe, 9% Ni Alloy",9% Ni Alloy,8,pcs,1/2,SCH 40,21.3,2.87,2025-07-22,synthetic_bom_generator,S1
Line 160,"1 NPS pipe, 9% Ni Alloy",9% Ni Alloy,12,pcs,1,SCH 40,33.4,3.38,2025-07-13,synthetic_bom_generator,S1
Line 161,"4 NPS pipe, 304L SS",304L SS,5,pcs,4,SCH 40,114.3,6.02,2025-07-13,synthetic_bom_generator,S1
Line 162,"6 NPS pipe, 304L SS",304L SS,12,pcs,6,SCH 80,168.3,10.97,2025-07-12,synthetic_bom_generator,S1
Line 163,"3/4 NPS pipe, 9% Ni Alloy",9% Ni Alloy,2,pcs,3/4,SCH 40,26.7,3.73,2025-07-08,synthetic_bom_generator,S1
Line 164,"1 NPS pipe, 9% Ni Alloy",9% Ni Alloy,17,pcs,1,SCH 80,33.4,3.38,2025-07-09,synthetic_bom_generator,S1
Line 165,"3/4 NPS pipe, 304L SS",304L SS,8,pcs,3/4,SCH 80,26.7,3.73,2025-07-31,synthetic_bom_generator,S1
Line 166,"3/4 NPS pipe, 9% Ni Alloy",9% Ni Alloy,19,pcs,3/4,SCH 40,26.7,3.73,2025-07-27,synthetic_bom_generator,S1
Line 167,"4 NPS pipe, 304L SS",304L SS,17,pcs,4,SCH 80,114.3,6.02,2025-07-27,synthetic_bom_generator,S1
Line 168,"6 NPS pipe, 304L SS",304L SS,12,pcs,6,SCH 80,168.3,6.55,2025-07-13,synthetic_bom_generator,S1
Line 169,"1/2 NPS pipe, 304L SS",304L SS,5,pcs,1/2,SCH 40,21.3,3.73,2025-07-16,synthetic_bom_generator,S1
Line 170,"4 NPS pipe, 304L SS",304L SS,18,pcs,4,SCH 80,114.3,8.56,2025-07-26,synthetic_bom_generator,S1
Line 171,"2 NPS pipe, 9% Ni Alloy",9% Ni Alloy,12,pcs,2,SCH 80,60.3,6.02,2025-07-14,synthetic_bom_generator,S1
Line 172,"1/2 NPS pipe, 304L SS",304L SS,15,pcs,1/2,SCH 40,21.3,3.73,2025-07-15,synthetic_bom_generator,S1
Line 173,"1/2 NPS pipe, 9% Ni Alloy",9% Ni Alloy,9,pcs,1/2,SCH 40,21.3,3.73,2025-07-18,synthetic_bom_generator,S1
Line 174,"1/2 NPS pipe, 304L SS",304L SS,4,pcs,1/2,SCH 80,21.3,3.73,2025-07-10,synthetic_bom_generator,S1
Line 175,"2 NPS pipe, 9% Ni Alloy",9% Ni Alloy,18,pcs,2,SCH 80,60.3,3.91,2025-07-15,synthetic_bom_generator,S1
Line 176,"1/2 NPS pipe, 9% Ni Alloy",9% Ni Alloy,1,pcs,1/2,SCH 40,21.3,3.73,2025-07-07,synthetic_bom_generator,S1
Line 177,"3/4 NPS pipe, 9% Ni Alloy",9% Ni Alloy,17,pcs,3/4,SCH 40,26.7,3.73,2025-07-29,synthetic_bom_generator,S1
Line 178,"1 NPS pipe, 9% Ni Alloy",9% Ni Alloy,16,pcs,1,SCH 80,33.4,3.38,2025-07-09,synthetic_bom_generator,S1
Line 179,"1 NPS pipe, 9% Ni Alloy",9% Ni Alloy,7,pcs,1,SCH 80,33.4,3.38,2025-07-23,synthetic_bom_generator,S1
Line 180,"6 NPS pipe, 304L SS",304L SS,12,pcs,6,SCH 80,168.3,6.55,2025-07-16,synthetic_bom_generator,S1
Line 181,"6 NPS pipe, 304L SS",304L SS,11,pcs,6,SCH 80,168.3,6.55,2025-07-31,synthetic_bom_generator,S1
Line 182,"1 NPS pipe, 304L SS",304L SS,17,pcs,1,SCH 40,33.4,4.55,2025-08-01,synthetic_bom_generator,S1
Line 183,"1 NPS pipe, 304L SS",304L SS,19,pcs,1,SCH 80,33.4,3.38,2025-07-18,synthetic_bom_generator,S1
Line 184,"2 NPS pipe, 9% Ni Alloy",9% Ni Alloy,20,pcs,2,SCH 40,60.3,6.02,2025-07-05,synthetic_bom_generator,S1
Line 185,"2 NPS pipe, 304L SS",304L SS,6,pcs,2,SCH 40,60.3,3.91,2025-07-02,synthetic_bom_generator,S1
Line 186,"1/2 NPS pipe, 304L SS",304L SS,1,pcs,1/2,SCH 80,21.3,2.87,2025-07-24,synthetic_bom_generator,S1
Line 187,"4 NPS pipe, 304L SS",304L SS,1,pcs,4,SCH 80,114.3,8.56,2025-07-23,synthetic_bom_generator,S1
Line 188,"2 NPS pipe, 304L SS",304L SS,6,pcs,2,SCH 80,60.3,6.02,2025-07-08,synthetic_bom_generator,S1
Line 189,"6 NPS pipe, 9% Ni Alloy",9% Ni Alloy,18,pcs,6,SCH 40,168.3,10.97,2025-07-11,synthetic_bom_generator,S1
Line 190,"4 NPS pipe, 9% Ni Alloy",9% Ni Alloy,2,pcs,4,SCH 80,114.3,6.02,2025-07-02,synthetic_bom_generator,S1
Line 191,"3/4 NPS pipe, 304L SS",304L SS,17,pcs,3/4,SCH 80,26.7,3.73,2025-07-11,synthetic_bom_generator,S1
Line 192,"4 NPS pipe, 9% Ni Alloy",9% Ni Alloy,11,pcs,4,SCH 80,114.3,8.56,2025-07-13,synthetic_bom_generator,S1
Line 193,"2 NPS pipe, 304L SS",304L SS,12,pcs,2,SCH 80,60.3,3.91,2025-07-26,synthetic_bom_generator,S1
Line 194,"1/2 NPS pipe, 9% Ni Alloy",9% Ni Alloy,4,pcs,1/2,SCH 80,21.3,3.73,2025-07-17,synthetic_bom_generator,S1
Line 195,"4 NPS pipe, 304L SS",304L SS,5,pcs,4,SCH 40,114.3,8.56,2025-07-28,synthetic_bom_generator,S1
Line 196,"3/4 NPS pipe, 9% Ni Alloy",9% Ni Alloy,19,pcs,3/4,SCH 80,26.7,2.87,2025-07-13,synthetic_bom_generator,S1
Line 197,"3/4 NPS pipe, 304L SS",304L SS,15,pcs,3/4,SCH 80,26.7,2.87,2025-07-13,synthetic_bom_generator,S1
Line 198,"2 NPS pipe, 9% Ni Alloy",9% Ni Alloy,4,pcs,2,SCH 80,60.3,6.02,2025-07-23,synthetic_bom_generator,S1
Line 199,"1 NPS pipe, 9% Ni Alloy",9% Ni Alloy,19,pcs,1,SCH 80,33.4,4.55,2025-07-17,synthetic_bom_generator,S1
Line 200,"6 NPS pipe, 9% Ni Alloy",9% Ni Alloy,17,pcs,6,SCH 40,168.3,6.55,2025-07-21,synthetic_bom_generator,S1
