supplier_name,supplier_uei,award_id,award_amount,start_date,end_date
ATT MOBILITY LLC,ATT MOBILITY LLC,ZZ65,5947.04,2016-12-30,2018-12-31
"COOPER BUILDING SERVICES, LLC","COOPER BUILDING SERVICES, LLC",ZZ62,1893441.0,2018-01-24,2019-04-26
TETRA TECH/MEAD AND HUNT JOINT VENTURE,TETRA TECH/MEAD AND HUNT JOINT VENTURE,ZZ01,953237.97,2017-07-19,2024-03-11
RICOH USA INC,RICOH USA INC,ZZ01,825316.39,2016-08-19,2021-09-14
"CACI IDT, LLC","CACI IDT, LLC",ZX10,27116.27,2018-01-31,2019-01-02
"WILDFLOWER INTERNATIONAL, LTD.","WILDFLOWER INTERNATIONAL, LTD.",ZX04,0.0,2017-05-23,2017-05-31
CH2M HILL - HDR JV,CH2M HILL - HDR JV,ZX01,2291408.91,2017-09-12,2021-07-30
NATIONAL INDUSTRIES FOR THE BLIND,NATIONAL INDUSTRIES FOR THE BLIND,ZX01,26258.49,2017-09-06,2018-02-28
